id,timestamp,pipeline,ticker,close_price,predicted_class,predicted_proba,ml_signal,sma_signal,regime,signal_source,bear_day_count,kelly_fraction,kelly_qty,high_water_mark,trailing_stop_triggered
1,2026-03-23T20:30:17.643796+00:00,spy_only,SPY,655.38,,,SELL,HOLD,BEAR,FLAT,6.0,,,,
2,2026-03-24T20:30:18.584512+00:00,spy_only,SPY,653.18,,,SELL,HOLD,BEAR,FLAT,7.0,,,,
3,2026-03-25T20:30:17.315570+00:00,spy_only,SPY,656.82,2.0,"{""DOWN"": 0.24803011119365692, ""FLAT"": 0.1736806035041809, ""UP"": 0.578289270401001}",SELL,HOLD,BEAR,FLAT,8.0,,,,
4,2026-03-26T20:30:15.972920+00:00,spy_only,SPY,645.09,2.0,"{""DOWN"": 0.24803011119365692, ""FLAT"": 0.1736806035041809, ""UP"": 0.578289270401001}",SELL,HOLD,BEAR,FLAT,9.0,,,,
5,2026-03-27T20:30:18.551227+00:00,spy_only,SPY,634.09,2.0,"{""DOWN"": 0.24803011119365692, ""FLAT"": 0.1736806035041809, ""UP"": 0.578289270401001}",SELL,HOLD,BEAR,FLAT,10.0,,,,
6,2026-03-30T20:37:06.318488+00:00,spy_only,SPY,631.97,2.0,"{""DOWN"": 0.24803011119365692, ""FLAT"": 0.1736806035041809, ""UP"": 0.578289270401001}",SELL,HOLD,BEAR,FLAT,11.0,0.1482184380292892,22.0,,
7,2026-03-31T20:30:17.637981+00:00,spy_only,SPY,650.34,2.0,"{""DOWN"": 0.2522273659706116, ""FLAT"": 0.17271117866039276, ""UP"": 0.5750615000724792}",SELL,HOLD,BEAR,FLAT,12.0,0.1442197412252426,21.0,,
8,2026-04-01T20:30:19.086132+00:00,spy_only,SPY,655.24,2.0,"{""DOWN"": 0.2522273659706116, ""FLAT"": 0.17271117866039276, ""UP"": 0.5750615000724792}",SELL,HOLD,BEAR,FLAT,13.0,0.1442197412252426,21.0,,
9,2026-04-02T16:34:35.911832+00:00,spy_only,SPY,653.78,2.0,"{""DOWN"": 0.2522273659706116, ""FLAT"": 0.17271117866039276, ""UP"": 0.5750615000724792}",SELL,HOLD,BEAR,FLAT,14.0,0.1442197412252426,21.0,100000.0,0.0
10,2026-04-06T20:30:22.883409+00:00,spy_only,SPY,658.93,2.0,"{""DOWN"": 0.25162073969841003, ""FLAT"": 0.17470087110996246, ""UP"": 0.5736784338951111}",SELL,HOLD,BEAR,FLAT,15.0,0.1438729017972946,21.0,100000.0,0.0
11,2026-04-07T20:30:20.977042+00:00,spy_only,SPY,659.22,2.0,"{""DOWN"": 0.2522273659706116, ""FLAT"": 0.17271117866039276, ""UP"": 0.5750615000724792}",SELL,HOLD,BEAR,FLAT,16.0,0.1442197412252426,21.0,100000.0,0.0
12,2026-04-09T20:30:22.872274+00:00,spy_only,SPY,679.91,2.0,"{""DOWN"": 0.2457452118396759, ""FLAT"": 0.17612986266613007, ""UP"": 0.5781248807907104}",BUY,HOLD,CHOPPY,XGB,,0.1273879557847976,18.0,100000.0,0.0
13,2026-04-10T20:30:26.396725+00:00,spy_only,SPY,679.46,2.0,"{""DOWN"": 0.2457452118396759, ""FLAT"": 0.17612986266613007, ""UP"": 0.5781248807907104}",BUY,HOLD,CHOPPY,XGB,,0.1273879557847976,18.0,100000.0,0.0
14,2026-04-13T20:30:26.547911+00:00,spy_only,SPY,686.1,2.0,"{""DOWN"": 0.2457452118396759, ""FLAT"": 0.17612986266613007, ""UP"": 0.5781248807907104}",BUY,HOLD,CHOPPY,XGB,,0.5095518231391907,72.0,100000.0,0.0
15,2026-04-14T20:30:23.377147+00:00,spy_only,SPY,694.46,2.0,"{""DOWN"": 0.2457452118396759, ""FLAT"": 0.17612986266613007, ""UP"": 0.5781248807907104}",BUY,HOLD,CHOPPY,XGB,,0.5095518231391907,71.0,100000.0,0.0
16,2026-04-15T20:32:25.415419+00:00,spy_only,SPY,699.94,2.0,"{""DOWN"": 0.2457452118396759, ""FLAT"": 0.17612986266613007, ""UP"": 0.5781248807907104}",BUY,HOLD,CHOPPY,XGB,,0.5095518231391907,71.0,100604.77,0.0
17,2026-04-16T20:30:22.168585+00:00,spy_only,SPY,701.66,2.0,"{""DOWN"": 0.2457452118396759, ""FLAT"": 0.17612986266613007, ""UP"": 0.5781248807907104}",BUY,HOLD,CHOPPY,XGB,,0.5095518231391907,71.0,100882.54,0.0
18,2026-04-21T20:30:27.928205+00:00,spy_only,SPY,704.08,2.0,"{""DOWN"": 0.2457452118396759, ""FLAT"": 0.17612986266613007, ""UP"": 0.5781248807907104}",BUY,HOLD,CHOPPY,XGB,,0.5095518231391907,72.0,101535.37,0.0
19,2026-04-22T20:33:36.753250+00:00,spy_only,SPY,711.21,2.0,"{""DOWN"": 0.2457452118396759, ""FLAT"": 0.17612986266613007, ""UP"": 0.5781248807907104}",BUY,HOLD,CHOPPY,XGB,,0.5095518231391907,71.0,102169.87,0.0
20,2026-04-23T23:10:32.033757+00:00,spy_only,SPY,708.41,2.0,"{""DOWN"": 0.2457452118396759, ""FLAT"": 0.17612986266613007, ""UP"": 0.5781248807907104}",BUY,HOLD,CHOPPY,XGB,,0.5095518231391907,71.0,102169.87,0.0
21,2026-04-24T20:48:06.557342+00:00,spy_only,SPY,713.97,2.0,"{""DOWN"": 0.2434776872396469, ""FLAT"": 0.17665936052799225, ""UP"": 0.5798629522323608}",BUY,HOLD,CHOPPY,XGB,,0.5189951658248901,73.0,102635.17,0.0
22,2026-04-27T20:50:15.484859+00:00,spy_only,SPY,715.165,2.0,"{""DOWN"": 0.2434776872396469, ""FLAT"": 0.17665936052799225, ""UP"": 0.5798629522323608}",BUY,HOLD,CHOPPY,XGB,,0.5189951658248901,73.0,102795.91,0.0
23,2026-04-28T20:53:36.664859+00:00,spy_only,SPY,711.68,2.0,"{""DOWN"": 0.2434776872396469, ""FLAT"": 0.17665936052799225, ""UP"": 0.5798629522323608}",BUY,HOLD,CHOPPY,XGB,,0.5189951658248901,73.0,102795.91,0.0
24,2026-04-29T20:50:36.585448+00:00,spy_only,SPY,711.59,2.0,"{""DOWN"": 0.24851159751415253, ""FLAT"": 0.17733359336853027, ""UP"": 0.574154794216156}",HOLD,HOLD,BULL,SMA,,0.4943317174911499,69.0,102795.91,0.0
25,2026-04-30T20:49:53.930517+00:00,spy_only,SPY,718.41,2.0,"{""DOWN"": 0.24733781814575195, ""FLAT"": 0.17792487144470215, ""UP"": 0.5747373104095459}",HOLD,HOLD,BULL,SMA,,0.4985856413841247,70.0,103374.01,0.0
26,2026-05-01T20:48:45.700771+00:00,spy_only,SPY,720.49,2.0,"{""DOWN"": 0.24733781814575195, ""FLAT"": 0.17792487144470215, ""UP"": 0.5747373104095459}",HOLD,HOLD,BULL,SMA,,0.4985856413841247,70.0,103461.43,0.0
27,2026-05-04T20:53:30.207645+00:00,spy_only,SPY,718.09,2.0,"{""DOWN"": 0.24357718229293823, ""FLAT"": 0.17632295191287994, ""UP"": 0.580099880695343}",BUY,HOLD,CHOPPY,XGB,,0.5192071795463562,73.0,103461.43,0.0
28,2026-05-05T21:37:08.859857+00:00,spy_only,SPY,723.71,2.0,"{""DOWN"": 0.2434776872396469, ""FLAT"": 0.17665936052799225, ""UP"": 0.5798629522323608}",BUY,HOLD,CHOPPY,XGB,,0.5189951658248901,73.0,104167.84,0.0
29,2026-05-06T20:56:59.358372+00:00,spy_only,SPY,733.77,2.0,"{""DOWN"": 0.24733781814575195, ""FLAT"": 0.17792487144470215, ""UP"": 0.5747373104095459}",HOLD,HOLD,BULL,SMA,,0.4985856413841247,70.0,105402.21,0.0
30,2026-05-07T20:52:46.553568+00:00,spy_only,SPY,731.53,2.0,"{""DOWN"": 0.24733781814575195, ""FLAT"": 0.17792487144470215, ""UP"": 0.5747373104095459}",HOLD,HOLD,BULL,SMA,,0.4985856413841247,70.0,105402.21,0.0
31,2026-05-08T20:49:46.513920+00:00,spy_only,SPY,737.54,2.0,"{""DOWN"": 0.24733781814575195, ""FLAT"": 0.17792487144470215, ""UP"": 0.5747373104095459}",HOLD,HOLD,BULL,SMA,,0.4985856413841247,70.0,105962.77,0.0
32,2026-05-11T21:02:36.997085+00:00,spy_only,SPY,739.2,2.0,"{""DOWN"": 0.24733781814575195, ""FLAT"": 0.17792487144470215, ""UP"": 0.5747373104095459}",HOLD,HOLD,BULL,SMA,,0.4985856413841247,70.0,106153.83,0.0
33,2026-05-12T21:02:45.297237+00:00,spy_only,SPY,738.19,2.0,"{""DOWN"": 0.24733781814575195, ""FLAT"": 0.17792487144470215, ""UP"": 0.5747373104095459}",HOLD,HOLD,BULL,SMA,,0.4985856413841247,70.0,106153.83,0.0
34,2026-05-12T21:02:45.297237+00:00,spy_only,XLK,175.22,2.0,"{""DOWN"": 0.2709839642047882, ""FLAT"": 0.1373777538537979, ""UP"": 0.5916383266448975}",BUY,HOLD,CHOPPY,XGB,,,,,
35,2026-05-12T21:02:45.297237+00:00,spy_only,XLV,145.83,2.0,"{""DOWN"": 0.28039345145225525, ""FLAT"": 0.1861235350370407, ""UP"": 0.5334829688072205}",BUY,HOLD,BEAR,XGB_BEAR_WEAK,1.0,,,,
36,2026-05-12T21:02:45.297237+00:00,spy_only,XLE,57.57,2.0,"{""DOWN"": 0.3750769793987274, ""FLAT"": 0.12582848966121674, ""UP"": 0.49909457564353943}",BUY,HOLD,CHOPPY,XGB,,,,,
37,2026-05-13T21:05:08.085361+00:00,spy_only,SPY,742.3,2.0,"{""DOWN"": 0.24733781814575195, ""FLAT"": 0.17792487144470215, ""UP"": 0.5747373104095459}",HOLD,HOLD,BULL,SMA,,0.4985856413841247,70.0,106734.04,0.0
38,2026-05-13T21:05:08.085361+00:00,spy_only,XLK,176.875,2.0,"{""DOWN"": 0.26929759979248047, ""FLAT"": 0.1383139193058014, ""UP"": 0.5923885107040405}",BUY,HOLD,CHOPPY,XGB,,,,,
39,2026-05-13T21:05:08.085361+00:00,spy_only,XLV,146.7,2.0,"{""DOWN"": 0.2800419330596924, ""FLAT"": 0.18714387714862823, ""UP"": 0.5328142046928406}",BUY,SELL,BEAR,XGB_BEAR_WEAK,2.0,,,,
40,2026-05-13T21:05:08.085361+00:00,spy_only,XLE,57.64,2.0,"{""DOWN"": 0.3803935647010803, ""FLAT"": 0.12566442787647247, ""UP"": 0.493941992521286}",BUY,HOLD,CHOPPY,XGB,,,,,
41,2026-05-14T21:54:09.842256+00:00,spy_only,SPY,748.1,2.0,"{""DOWN"": 0.24733781814575195, ""FLAT"": 0.17792487144470215, ""UP"": 0.5747373104095459}",HOLD,HOLD,BULL,SMA,,0.4985856413841247,70.0,107398.15,0.0
42,2026-05-14T21:54:09.842256+00:00,spy_only,XLK,179.485,2.0,"{""DOWN"": 0.2689964175224304, ""FLAT"": 0.1392776370048523, ""UP"": 0.5917259454727173}",BUY,HOLD,CHOPPY,XGB,,,,,
43,2026-05-14T21:54:09.842256+00:00,spy_only,XLV,146.63,2.0,"{""DOWN"": 0.2800419330596924, ""FLAT"": 0.18714387714862823, ""UP"": 0.5328142046928406}",BUY,HOLD,CHOPPY,XGB,,,,,
44,2026-05-14T21:54:09.842256+00:00,spy_only,XLE,58.085,2.0,"{""DOWN"": 0.38162216544151306, ""FLAT"": 0.1252269148826599, ""UP"": 0.4931509494781494}",BUY,HOLD,CHOPPY,XGB,,,,,
45,2026-05-15T21:50:00.700954+00:00,spy_only,SPY,739.1,2.0,"{""DOWN"": 0.24840952455997467, ""FLAT"": 0.17767152190208435, ""UP"": 0.5739189982414246}",BUY,HOLD,BULL,STALE_CASH,,0.4941287338733673,69.0,107398.15,0.0
46,2026-05-15T21:50:00.700954+00:00,spy_only,XLK,176.28,2.0,"{""DOWN"": 0.28025421500205994, ""FLAT"": 0.13757456839084625, ""UP"": 0.5821712017059326}",BUY,HOLD,CHOPPY,XGB,,,,,
47,2026-05-15T21:50:00.700954+00:00,spy_only,XLV,145.085,2.0,"{""DOWN"": 0.28039345145225525, ""FLAT"": 0.1861235350370407, ""UP"": 0.5334829688072205}",BUY,HOLD,CHOPPY,XGB,,,,,
48,2026-05-15T21:50:00.700954+00:00,spy_only,XLE,59.45,2.0,"{""DOWN"": 0.3694974482059479, ""FLAT"": 0.12357168644666672, ""UP"": 0.5069308280944824}",BUY,HOLD,CHOPPY,XGB,,,,,
49,2026-05-18T21:53:29.885191+00:00,spy_only,SPY,738.4,2.0,"{""DOWN"": 0.24840952455997467, ""FLAT"": 0.17767152190208435, ""UP"": 0.5739189982414246}",HOLD,HOLD,BULL,SMA,,0.4941287338733673,69.0,107398.15,0.0
50,2026-05-18T21:53:29.885191+00:00,spy_only,XLK,174.375,2.0,"{""DOWN"": 0.2763955593109131, ""FLAT"": 0.13522431254386902, ""UP"": 0.5883801579475403}",BUY,HOLD,CHOPPY,XGB,,,,,
51,2026-05-18T21:53:29.885191+00:00,spy_only,XLV,145.71,2.0,"{""DOWN"": 0.2800419330596924, ""FLAT"": 0.18714387714862823, ""UP"": 0.5328142046928406}",BUY,HOLD,CHOPPY,XGB,,,,,
52,2026-05-18T21:53:29.885191+00:00,spy_only,XLE,60.56,2.0,"{""DOWN"": 0.38495686650276184, ""FLAT"": 0.12054180353879929, ""UP"": 0.4945012927055359}",BUY,HOLD,CHOPPY,XGB,,,,,
53,2026-05-19T20:38:44.313093+00:00,basket,SPY,733.8,2.0,"{""DOWN"": 0.24840053915977478, ""FLAT"": 0.17770127952098846, ""UP"": 0.573898196220398}",HOLD,HOLD,BULL,SMA,,,,106026.22,0.0
54,2026-05-19T20:38:44.313093+00:00,basket,XLK,173.24,2.0,"{""DOWN"": 0.2763955593109131, ""FLAT"": 0.13522431254386902, ""UP"": 0.5883801579475403}",BUY,HOLD,CHOPPY,XGB,,,,106026.22,0.0
55,2026-05-19T20:38:44.313093+00:00,basket,XLV,147.32,2.0,"{""DOWN"": 0.2800419330596924, ""FLAT"": 0.18714387714862823, ""UP"": 0.5328142046928406}",HOLD,HOLD,BULL,SMA,,,,106026.22,0.0
56,2026-05-19T20:38:44.313093+00:00,basket,XLE,61.27,2.0,"{""DOWN"": 0.38495686650276184, ""FLAT"": 0.12054180353879929, ""UP"": 0.4945012927055359}",BUY,HOLD,CHOPPY,XGB,,,,106026.22,0.0
57,2026-05-19T20:59:29.742385+00:00,basket,SPY,733.8,2.0,"{""DOWN"": 0.24840053915977478, ""FLAT"": 0.17770127952098846, ""UP"": 0.573898196220398}",HOLD,HOLD,BULL,SMA,,,,106026.22,0.0
58,2026-05-19T20:59:29.742385+00:00,basket,XLK,173.24,2.0,"{""DOWN"": 0.2763955593109131, ""FLAT"": 0.13522431254386902, ""UP"": 0.5883801579475403}",BUY,HOLD,CHOPPY,XGB,,,,106026.22,0.0
59,2026-05-19T20:59:29.742385+00:00,basket,XLV,147.32,2.0,"{""DOWN"": 0.2800419330596924, ""FLAT"": 0.18714387714862823, ""UP"": 0.5328142046928406}",HOLD,HOLD,BULL,SMA,,,,106026.22,0.0
60,2026-05-19T20:59:29.742385+00:00,basket,XLE,61.27,2.0,"{""DOWN"": 0.38495686650276184, ""FLAT"": 0.12054180353879929, ""UP"": 0.4945012927055359}",BUY,HOLD,CHOPPY,XGB,,,,106026.22,0.0
61,2026-05-19T21:50:33.838244+00:00,basket,SPY,733.8,2.0,"{""DOWN"": 0.24840053915977478, ""FLAT"": 0.17770127952098846, ""UP"": 0.573898196220398}",HOLD,HOLD,BULL,SMA,,,,106026.22,0.0
62,2026-05-19T21:50:33.838244+00:00,basket,XLK,173.24,2.0,"{""DOWN"": 0.2763955593109131, ""FLAT"": 0.13522431254386902, ""UP"": 0.5883801579475403}",BUY,HOLD,CHOPPY,XGB,,,,106026.22,0.0
63,2026-05-19T21:50:33.838244+00:00,basket,XLV,147.32,2.0,"{""DOWN"": 0.2800419330596924, ""FLAT"": 0.18714387714862823, ""UP"": 0.5328142046928406}",HOLD,HOLD,BULL,SMA,,,,106026.22,0.0
64,2026-05-19T21:50:33.838244+00:00,basket,XLE,61.27,2.0,"{""DOWN"": 0.38495686650276184, ""FLAT"": 0.12054180353879929, ""UP"": 0.4945012927055359}",BUY,HOLD,CHOPPY,XGB,,,,106026.22,0.0
65,2026-05-20T22:00:54.350142+00:00,basket,SPY,741.31,2.0,"{""DOWN"": 0.24840952455997467, ""FLAT"": 0.17767152190208435, ""UP"": 0.5739189982414246}",HOLD,HOLD,BULL,SMA,,,,106026.22,0.0
66,2026-05-20T22:00:54.350142+00:00,basket,XLK,177.12,2.0,"{""DOWN"": 0.27591827511787415, ""FLAT"": 0.13671763241291046, ""UP"": 0.587364137172699}",BUY,HOLD,CHOPPY,XGB,,,,106026.22,0.0
67,2026-05-20T22:00:54.350142+00:00,basket,XLV,147.14,2.0,"{""DOWN"": 0.28408247232437134, ""FLAT"": 0.18609359860420227, ""UP"": 0.5298239588737488}",HOLD,HOLD,BULL,SMA,,,,106026.22,0.0
68,2026-05-20T22:00:54.350142+00:00,basket,XLE,59.79,2.0,"{""DOWN"": 0.3873371183872223, ""FLAT"": 0.12361077964305878, ""UP"": 0.4890521466732025}",BUY,HOLD,CHOPPY,XGB,,,,106026.22,0.0
69,2026-05-21T21:52:04.999292+00:00,basket,SPY,742.71,2.0,"{""DOWN"": 0.24998752772808075, ""FLAT"": 0.17244774103164673, ""UP"": 0.5775647163391113}",HOLD,HOLD,BULL,SMA,,,,106949.11,0.0
70,2026-05-21T21:52:04.999292+00:00,basket,XLK,178.53,2.0,"{""DOWN"": 0.2739778161048889, ""FLAT"": 0.13893134891986847, ""UP"": 0.587090790271759}",BUY,HOLD,CHOPPY,XGB,,,,106949.11,0.0
71,2026-05-21T21:52:04.999292+00:00,basket,XLV,148.125,2.0,"{""DOWN"": 0.2800419330596924, ""FLAT"": 0.18714387714862823, ""UP"": 0.5328142046928406}",HOLD,HOLD,BULL,SMA,,,,106949.11,0.0
72,2026-05-21T21:52:04.999292+00:00,basket,XLE,59.14,2.0,"{""DOWN"": 0.383220374584198, ""FLAT"": 0.1265982836484909, ""UP"": 0.4901812970638275}",BUY,HOLD,CHOPPY,XGB,,,,106949.11,0.0
73,2026-05-22T21:45:02.689245+00:00,basket,SPY,745.67,2.0,"{""DOWN"": 0.24733781814575195, ""FLAT"": 0.17792487144470215, ""UP"": 0.5747373104095459}",HOLD,HOLD,BULL,SMA,,,,107286.985,0.0
74,2026-05-22T21:45:02.689245+00:00,basket,XLK,180.36,2.0,"{""DOWN"": 0.26116225123405457, ""FLAT"": 0.1383240818977356, ""UP"": 0.6005136966705322}",BUY,HOLD,CHOPPY,XGB,,,,107286.985,0.0
75,2026-05-22T21:45:02.689245+00:00,basket,XLV,149.89,2.0,"{""DOWN"": 0.27804136276245117, ""FLAT"": 0.19295081496238708, ""UP"": 0.5290078520774841}",HOLD,HOLD,BULL,SMA,,,,107286.985,0.0
76,2026-05-22T21:45:02.689245+00:00,basket,XLE,59.45,2.0,"{""DOWN"": 0.3803935647010803, ""FLAT"": 0.12566442787647247, ""UP"": 0.493941992521286}",BUY,HOLD,CHOPPY,XGB,,,,107286.985,0.0
77,2026-05-25T21:46:03.464907+00:00,basket,SPY,745.67,2.0,"{""DOWN"": 0.24733781814575195, ""FLAT"": 0.17792487144470215, ""UP"": 0.5747373104095459}",HOLD,HOLD,BULL,SMA,,,,108059.11,0.0
78,2026-05-25T21:46:03.464907+00:00,basket,XLK,180.36,2.0,"{""DOWN"": 0.26892441511154175, ""FLAT"": 0.13988901674747467, ""UP"": 0.5911865830421448}",BUY,HOLD,CHOPPY,XGB,,,,108059.11,0.0
79,2026-05-25T21:46:03.464907+00:00,basket,XLV,149.89,2.0,"{""DOWN"": 0.27804136276245117, ""FLAT"": 0.19295081496238708, ""UP"": 0.5290078520774841}",HOLD,HOLD,BULL,SMA,,,,108059.11,0.0
80,2026-05-25T21:46:03.464907+00:00,basket,XLE,59.45,2.0,"{""DOWN"": 0.38629570603370667, ""FLAT"": 0.12596705555915833, ""UP"": 0.4877372682094574}",BUY,HOLD,CHOPPY,XGB,,,,108059.11,0.0
81,2026-05-26T21:56:53.671804+00:00,basket,SPY,750.46,2.0,"{""DOWN"": 0.24733781814575195, ""FLAT"": 0.17792487144470215, ""UP"": 0.5747373104095459}",HOLD,HOLD,BULL,SMA,,,,108059.11,0.0
82,2026-05-26T21:56:53.671804+00:00,basket,XLK,185.17,2.0,"{""DOWN"": 0.26810503005981445, ""FLAT"": 0.14250963926315308, ""UP"": 0.5893853306770325}",BUY,HOLD,CHOPPY,XGB,,,,108059.11,0.0
83,2026-05-26T21:56:53.671804+00:00,basket,XLV,148.52,2.0,"{""DOWN"": 0.27804136276245117, ""FLAT"": 0.19295081496238708, ""UP"": 0.5290078520774841}",HOLD,HOLD,BULL,SMA,,,,108059.11,0.0
84,2026-05-26T21:56:53.671804+00:00,basket,XLE,57.855,2.0,"{""DOWN"": 0.383471816778183, ""FLAT"": 0.12485232949256897, ""UP"": 0.49167582392692566}",BUY,HOLD,CHOPPY,XGB,,,,108059.11,0.0
85,2026-05-27T22:00:51.783365+00:00,basket,SPY,750.59,2.0,"{""DOWN"": 0.24733781814575195, ""FLAT"": 0.17792487144470215, ""UP"": 0.5747373104095459}",HOLD,HOLD,BULL,SMA,,,,108793.425,0.0
86,2026-05-27T22:00:51.783365+00:00,basket,XLK,184.4,2.0,"{""DOWN"": 0.2706562876701355, ""FLAT"": 0.1384207308292389, ""UP"": 0.5909229516983032}",BUY,HOLD,CHOPPY,XGB,,,,108793.425,0.0
87,2026-05-27T22:00:51.783365+00:00,basket,XLV,148.82,2.0,"{""DOWN"": 0.2797372341156006, ""FLAT"": 0.18802829086780548, ""UP"": 0.5322344303131104}",HOLD,HOLD,BULL,SMA,,,,108793.425,0.0
88,2026-05-27T22:00:51.783365+00:00,basket,XLE,56.985,2.0,"{""DOWN"": 0.37885090708732605, ""FLAT"": 0.12496073544025421, ""UP"": 0.49618834257125854}",SELL,HOLD,BEAR,FLAT,1.0,,,108793.425,0.0
89,2026-05-28T22:00:54.109727+00:00,basket,SPY,754.68,2.0,"{""DOWN"": 0.24586723744869232, ""FLAT"": 0.17686697840690613, ""UP"": 0.5772657990455627}",HOLD,HOLD,BULL,SMA,,,,108793.425,0.0
90,2026-05-28T22:00:54.109727+00:00,basket,XLK,186.87,2.0,"{""DOWN"": 0.26771456003189087, ""FLAT"": 0.13572031259536743, ""UP"": 0.5965651273727417}",BUY,HOLD,CHOPPY,XGB,,,,108793.425,0.0
91,2026-05-28T22:00:54.109727+00:00,basket,XLV,150.84,2.0,"{""DOWN"": 0.2797580063343048, ""FLAT"": 0.18796801567077637, ""UP"": 0.5322739481925964}",HOLD,HOLD,BULL,SMA,,,,108793.425,0.0
92,2026-05-28T22:00:54.109727+00:00,basket,XLE,56.93,2.0,"{""DOWN"": 0.3769568204879761, ""FLAT"": 0.12185079604387283, ""UP"": 0.5011923909187317}",SELL,HOLD,BEAR,FLAT,2.0,,,108793.425,0.0
93,2026-05-29T22:00:03.139489+00:00,basket,SPY,756.34,2.0,"{""DOWN"": 0.24643374979496002, ""FLAT"": 0.17497038841247559, ""UP"": 0.5785958766937256}",HOLD,HOLD,BULL,SMA,,,,109456.3,0.0
94,2026-05-29T22:00:03.139489+00:00,basket,XLK,191.04,2.0,"{""DOWN"": 0.27578914165496826, ""FLAT"": 0.14479868113994598, ""UP"": 0.5794121623039246}",BUY,HOLD,CHOPPY,XGB,,,,109456.3,0.0
95,2026-05-29T22:00:03.139489+00:00,basket,XLV,149.54,2.0,"{""DOWN"": 0.2800419330596924, ""FLAT"": 0.18714387714862823, ""UP"": 0.5328142046928406}",HOLD,HOLD,BULL,SMA,,,,109456.3,0.0
96,2026-05-29T22:00:03.139489+00:00,basket,XLE,56.31,2.0,"{""DOWN"": 0.3865273892879486, ""FLAT"": 0.12375018000602722, ""UP"": 0.4897224009037018}",SELL,HOLD,BEAR,FLAT,3.0,,,109456.3,0.0
97,2026-06-01T22:18:57.153751+00:00,basket,SPY,758.44,2.0,"{""DOWN"": 0.24643374979496002, ""FLAT"": 0.17497038841247559, ""UP"": 0.5785958766937256}",HOLD,HOLD,BULL,SMA,,,,110156.41999999998,0.0
98,2026-06-01T22:18:57.153751+00:00,basket,XLK,195.76,2.0,"{""DOWN"": 0.27578914165496826, ""FLAT"": 0.14479868113994598, ""UP"": 0.5794121623039246}",BUY,HOLD,CHOPPY,XGB,,,,110156.41999999998,0.0
99,2026-06-01T22:18:57.153751+00:00,basket,XLV,147.82,2.0,"{""DOWN"": 0.2800419330596924, ""FLAT"": 0.18714387714862823, ""UP"": 0.5328142046928406}",HOLD,HOLD,BULL,SMA,,,,110156.41999999998,0.0
100,2026-06-01T22:18:57.153751+00:00,basket,XLE,57.29,2.0,"{""DOWN"": 0.37885090708732605, ""FLAT"": 0.12496073544025421, ""UP"": 0.49618834257125854}",SELL,HOLD,BEAR,FLAT,4.0,,,110156.41999999998,0.0
101,2026-06-02T22:11:13.300903+00:00,basket,SPY,759.47,2.0,"{""DOWN"": 0.24643374979496002, ""FLAT"": 0.17497038841247559, ""UP"": 0.5785958766937256}",HOLD,HOLD,BULL,SMA,,,,110915.56,0.0
102,2026-06-02T22:11:13.300903+00:00,basket,XLK,198.21,2.0,"{""DOWN"": 0.27578914165496826, ""FLAT"": 0.14479868113994598, ""UP"": 0.5794121623039246}",BUY,HOLD,CHOPPY,XGB,,,,110915.56,0.0
103,2026-06-02T22:11:13.300903+00:00,basket,XLV,146.37,2.0,"{""DOWN"": 0.2800419330596924, ""FLAT"": 0.18714387714862823, ""UP"": 0.5328142046928406}",HOLD,HOLD,BULL,SMA,,,,110915.56,0.0
104,2026-06-02T22:11:13.300903+00:00,basket,XLE,57.95,2.0,"{""DOWN"": 0.3855499029159546, ""FLAT"": 0.12361306697130203, ""UP"": 0.49083709716796875}",BUY,HOLD,BEAR,XGB_BEAR_WEAK,5.0,,,110915.56,0.0
105,2026-06-03T22:14:01.100656+00:00,basket,SPY,754.18,2.0,"{""DOWN"": 0.24586723744869232, ""FLAT"": 0.17686697840690613, ""UP"": 0.5772657990455627}",HOLD,HOLD,BULL,SMA,,,,111234.16,0.0
106,2026-06-03T22:14:01.100656+00:00,basket,XLK,196.23,2.0,"{""DOWN"": 0.2685738205909729, ""FLAT"": 0.1410103738307953, ""UP"": 0.5904158353805542}",BUY,HOLD,CHOPPY,XGB,,,,111234.16,0.0
107,2026-06-03T22:14:01.100656+00:00,basket,XLV,147.51,2.0,"{""DOWN"": 0.2800419330596924, ""FLAT"": 0.18714387714862823, ""UP"": 0.5328142046928406}",HOLD,HOLD,BULL,SMA,,,,111234.16,0.0
108,2026-06-03T22:14:01.100656+00:00,basket,XLE,58.74,2.0,"{""DOWN"": 0.3824767768383026, ""FLAT"": 0.12423128634691238, ""UP"": 0.4932918846607208}",BUY,HOLD,BEAR,XGB_BEAR_WEAK,6.0,,,111234.16,0.0
109,2026-06-04T21:53:54.172726+00:00,basket,SPY,756.97,2.0,"{""DOWN"": 0.24586723744869232, ""FLAT"": 0.17686697840690613, ""UP"": 0.5772657990455627}",HOLD,HOLD,BULL,SMA,,,,111234.16,0.0
110,2026-06-04T21:53:54.172726+00:00,basket,XLK,193.12,2.0,"{""DOWN"": 0.280461847782135, ""FLAT"": 0.13693563640117645, ""UP"": 0.5826025009155273}",BUY,HOLD,CHOPPY,XGB,,,,111234.16,0.0
111,2026-06-04T21:53:54.172726+00:00,basket,XLV,152.04,2.0,"{""DOWN"": 0.27855896949768066, ""FLAT"": 0.18723632395267487, ""UP"": 0.5342047214508057}",BUY,HOLD,CHOPPY,XGB,,,,111234.16,0.0
112,2026-06-04T21:53:54.172726+00:00,basket,XLE,58.77,2.0,"{""DOWN"": 0.38481754064559937, ""FLAT"": 0.12627045810222626, ""UP"": 0.48891204595565796}",BUY,HOLD,CHOPPY,XGB,,,,111234.16,0.0
113,2026-06-05T21:50:08.401066+00:00,basket,SPY,737.45,2.0,"{""DOWN"": 0.24773922562599182, ""FLAT"": 0.17464971542358398, ""UP"": 0.5776110887527466}",BUY,HOLD,CHOPPY,XGB,,,,111234.16,0.0
114,2026-06-05T21:50:08.401066+00:00,basket,XLK,180.26,2.0,"{""DOWN"": 0.289141982793808, ""FLAT"": 0.14162515103816986, ""UP"": 0.5692328810691833}",BUY,HOLD,CHOPPY,XGB,,,,111234.16,0.0
115,2026-06-05T21:50:08.401066+00:00,basket,XLV,153.01,2.0,"{""DOWN"": 0.27857956290245056, ""FLAT"": 0.18717624247074127, ""UP"": 0.534244179725647}",BUY,HOLD,CHOPPY,XGB,,,,111234.16,0.0
116,2026-06-05T21:50:08.401066+00:00,basket,XLE,57.67,2.0,"{""DOWN"": 0.38629570603370667, ""FLAT"": 0.12596705555915833, ""UP"": 0.4877372682094574}",BUY,HOLD,CHOPPY,XGB,,,,111234.16,0.0
117,2026-06-08T21:58:38.142775+00:00,basket,SPY,739.235,2.0,"{""DOWN"": 0.24773922562599182, ""FLAT"": 0.17464971542358398, ""UP"": 0.5776110887527466}",BUY,HOLD,CHOPPY,XGB,,,,111234.16,0.0
118,2026-06-08T21:58:38.142775+00:00,basket,XLK,184.24,2.0,"{""DOWN"": 0.291978120803833, ""FLAT"": 0.13913960754871368, ""UP"": 0.5688822865486145}",BUY,HOLD,CHOPPY,XGB,,,,111234.16,0.0
119,2026-06-08T21:58:38.142775+00:00,basket,XLV,152.64,2.0,"{""DOWN"": 0.27857956290245056, ""FLAT"": 0.18717624247074127, ""UP"": 0.534244179725647}",BUY,HOLD,CHOPPY,XGB,,,,111234.16,0.0
120,2026-06-08T21:58:38.142775+00:00,basket,XLE,58.31,2.0,"{""DOWN"": 0.38481754064559937, ""FLAT"": 0.12627045810222626, ""UP"": 0.48891204595565796}",BUY,HOLD,CHOPPY,XGB,,,,111234.16,0.0
121,2026-06-09T21:57:33.669359+00:00,basket,SPY,737.07,2.0,"{""DOWN"": 0.24773922562599182, ""FLAT"": 0.17464971542358398, ""UP"": 0.5776110887527466}",SELL,HOLD,BEAR,FLAT,1.0,,,111234.16,0.0
122,2026-06-09T21:57:33.669359+00:00,basket,XLK,180.79,2.0,"{""DOWN"": 0.2842607796192169, ""FLAT"": 0.13856033980846405, ""UP"": 0.5771788954734802}",BUY,HOLD,CHOPPY,XGB,,,,111234.16,0.0
123,2026-06-09T21:57:33.669359+00:00,basket,XLV,154.56,2.0,"{""DOWN"": 0.27647557854652405, ""FLAT"": 0.19331517815589905, ""UP"": 0.5302093029022217}",BUY,HOLD,CHOPPY,XGB,,,,111234.16,0.0
124,2026-06-09T21:57:33.669359+00:00,basket,XLE,57.38,2.0,"{""DOWN"": 0.38563504815101624, ""FLAT"": 0.12441425770521164, ""UP"": 0.48995065689086914}",BUY,HOLD,CHOPPY,XGB,,,,111234.16,0.0
125,2026-06-10T22:02:02.766843+00:00,basket,SPY,725.58,2.0,"{""DOWN"": 0.2474302500486374, ""FLAT"": 0.17567908763885498, ""UP"": 0.5768906474113464}",SELL,HOLD,BEAR,FLAT,2.0,,,111234.16,0.0
126,2026-06-10T22:02:02.766843+00:00,basket,XLK,176.49,2.0,"{""DOWN"": 0.28187498450279236, ""FLAT"": 0.13589709997177124, ""UP"": 0.582227885723114}",BUY,HOLD,CHOPPY,XGB,,,,111234.16,0.0
127,2026-06-10T22:02:02.766843+00:00,basket,XLV,152.83,2.0,"{""DOWN"": 0.2786531448364258, ""FLAT"": 0.18696150183677673, ""UP"": 0.5343853235244751}",BUY,HOLD,CHOPPY,XGB,,,,111234.16,0.0
128,2026-06-10T22:02:02.766843+00:00,basket,XLE,58.26,2.0,"{""DOWN"": 0.38563504815101624, ""FLAT"": 0.12441425770521164, ""UP"": 0.48995065689086914}",BUY,HOLD,CHOPPY,XGB,,,,111234.16,0.0
129,2026-06-11T22:02:23.834516+00:00,basket,SPY,737.67,2.0,"{""DOWN"": 0.24773922562599182, ""FLAT"": 0.17464971542358398, ""UP"": 0.5776110887527466}",SELL,HOLD,BEAR,FLAT,3.0,,,111234.16,0.0
130,2026-06-11T22:02:23.834516+00:00,basket,XLK,183.19,2.0,"{""DOWN"": 0.2930748760700226, ""FLAT"": 0.14310632646083832, ""UP"": 0.5638188123703003}",BUY,HOLD,CHOPPY,XGB,,,,111234.16,0.0
131,2026-06-11T22:02:23.834516+00:00,basket,XLV,154.04,2.0,"{""DOWN"": 0.27855896949768066, ""FLAT"": 0.18723632395267487, ""UP"": 0.5342047214508057}",BUY,HOLD,CHOPPY,XGB,,,,111234.16,0.0
132,2026-06-11T22:02:23.834516+00:00,basket,XLE,57.1,2.0,"{""DOWN"": 0.3804410696029663, ""FLAT"": 0.12464082986116409, ""UP"": 0.4949180781841278}",SELL,HOLD,BEAR,FLAT,1.0,,,111234.16,0.0
133,2026-06-12T21:58:31.459225+00:00,basket,SPY,741.67,2.0,"{""DOWN"": 0.24476966261863708, ""FLAT"": 0.17630016803741455, ""UP"": 0.5789301991462708}",BUY,HOLD,BEAR,XGB_BEAR_WEAK,4.0,,,111234.16,0.0
134,2026-06-12T21:58:31.459225+00:00,basket,XLK,184.81,2.0,"{""DOWN"": 0.29323911666870117, ""FLAT"": 0.142626091837883, ""UP"": 0.5641347765922546}",BUY,HOLD,CHOPPY,XGB,,,,111234.16,0.0
135,2026-06-12T21:58:31.459225+00:00,basket,XLV,153.8,2.0,"{""DOWN"": 0.27855896949768066, ""FLAT"": 0.18723632395267487, ""UP"": 0.5342047214508057}",BUY,HOLD,CHOPPY,XGB,,,,111234.16,0.0
136,2026-06-12T21:58:31.459225+00:00,basket,XLE,57.56,2.0,"{""DOWN"": 0.3855499029159546, ""FLAT"": 0.12361306697130203, ""UP"": 0.49083709716796875}",SELL,HOLD,BEAR,FLAT,2.0,,,111234.16,0.0
137,2026-06-15T22:06:53.966162+00:00,basket,SPY,754.75,2.0,"{""DOWN"": 0.24403803050518036, ""FLAT"": 0.1747645139694214, ""UP"": 0.5811974406242371}",BUY,HOLD,CHOPPY,XGB,,,,111234.16,0.0
138,2026-06-15T22:06:53.966162+00:00,basket,XLK,191.83,2.0,"{""DOWN"": 0.2702074944972992, ""FLAT"": 0.14316439628601074, ""UP"": 0.5866280794143677}",BUY,HOLD,CHOPPY,XGB,,,,111234.16,0.0
139,2026-06-15T22:06:53.966162+00:00,basket,XLV,152.96,2.0,"{""DOWN"": 0.27855896949768066, ""FLAT"": 0.18723632395267487, ""UP"": 0.5342047214508057}",BUY,HOLD,CHOPPY,XGB,,,,111234.16,0.0
140,2026-06-15T22:06:53.966162+00:00,basket,XLE,55.54,2.0,"{""DOWN"": 0.38061147928237915, ""FLAT"": 0.12344955652952194, ""UP"": 0.4959390163421631}",SELL,HOLD,BEAR,FLAT,3.0,,,111234.16,0.0
141,2026-06-16T22:04:09.466126+00:00,basket,SPY,750.58,2.0,"{""DOWN"": 0.24501754343509674, ""FLAT"": 0.17546597123146057, ""UP"": 0.5795164704322815}",BUY,HOLD,CHOPPY,XGB,,,,111234.16,0.0
142,2026-06-16T22:04:09.466126+00:00,basket,XLK,186.49,2.0,"{""DOWN"": 0.29327940940856934, ""FLAT"": 0.14323745667934418, ""UP"": 0.5634831190109253}",BUY,HOLD,CHOPPY,XGB,,,,111234.16,0.0
143,2026-06-16T22:04:09.466126+00:00,basket,XLV,152.93,2.0,"{""DOWN"": 0.27855896949768066, ""FLAT"": 0.18723632395267487, ""UP"": 0.5342047214508057}",BUY,HOLD,CHOPPY,XGB,,,,111234.16,0.0
144,2026-06-16T22:04:09.466126+00:00,basket,XLE,55.36,2.0,"{""DOWN"": 0.3865273892879486, ""FLAT"": 0.12375018000602722, ""UP"": 0.4897224009037018}",SELL,HOLD,BEAR,FLAT,4.0,,,111234.16,0.0
145,2026-06-17T22:01:43.309817+00:00,basket,SPY,741.02,2.0,"{""DOWN"": 0.24403803050518036, ""FLAT"": 0.1747645139694214, ""UP"": 0.5811974406242371}",BUY,HOLD,CHOPPY,XGB,,,,111234.16,0.0
146,2026-06-17T22:01:43.309817+00:00,basket,XLK,185.74,2.0,"{""DOWN"": 0.2747146189212799, ""FLAT"": 0.13621985912322998, ""UP"": 0.5890654921531677}",BUY,HOLD,CHOPPY,XGB,,,,111234.16,0.0
147,2026-06-17T22:01:43.309817+00:00,basket,XLV,150.68,2.0,"{""DOWN"": 0.2788611054420471, ""FLAT"": 0.18635477125644684, ""UP"": 0.5347841382026672}",BUY,HOLD,CHOPPY,XGB,,,,111234.16,0.0
148,2026-06-17T22:01:43.309817+00:00,basket,XLE,54.69,2.0,"{""DOWN"": 0.3793330788612366, ""FLAT"": 0.12639358639717102, ""UP"": 0.49427324533462524}",SELL,HOLD,BEAR,FLAT,5.0,,,111234.16,0.0
149,2026-06-18T22:02:44.196187+00:00,basket,SPY,746.75,2.0,"{""DOWN"": 0.24501754343509674, ""FLAT"": 0.17546597123146057, ""UP"": 0.5795164704322815}",BUY,HOLD,CHOPPY,XGB,,,,111234.16,0.0
150,2026-06-18T22:02:44.196187+00:00,basket,XLK,191.31,2.0,"{""DOWN"": 0.29138514399528503, ""FLAT"": 0.14877119660377502, ""UP"": 0.5598436594009399}",BUY,HOLD,CHOPPY,XGB,,,,111234.16,0.0
151,2026-06-18T22:02:44.196187+00:00,basket,XLV,149.38,2.0,"{""DOWN"": 0.2743920683860779, ""FLAT"": 0.19224119186401367, ""UP"": 0.5333667397499084}",BUY,HOLD,CHOPPY,XGB,,,,111234.16,0.0
152,2026-06-18T22:02:44.196187+00:00,basket,XLE,53.75,2.0,"{""DOWN"": 0.38676610589027405, ""FLAT"": 0.12320899218320847, ""UP"": 0.4900248646736145}",SELL,HOLD,BEAR,FLAT,6.0,,,111234.16,0.0
153,2026-06-19T21:45:45.842547+00:00,basket,SPY,746.75,2.0,"{""DOWN"": 0.24501754343509674, ""FLAT"": 0.17546597123146057, ""UP"": 0.5795164704322815}",BUY,HOLD,CHOPPY,XGB,,,,111234.16,0.0
154,2026-06-19T21:45:45.842547+00:00,basket,XLK,191.31,2.0,"{""DOWN"": 0.29138514399528503, ""FLAT"": 0.14877119660377502, ""UP"": 0.5598436594009399}",BUY,HOLD,CHOPPY,XGB,,,,111234.16,0.0
155,2026-06-19T21:45:45.842547+00:00,basket,XLV,149.38,2.0,"{""DOWN"": 0.2743920683860779, ""FLAT"": 0.19224119186401367, ""UP"": 0.5333667397499084}",BUY,HOLD,CHOPPY,XGB,,,,111234.16,0.0
156,2026-06-19T21:45:45.842547+00:00,basket,XLE,53.75,2.0,"{""DOWN"": 0.38504892587661743, ""FLAT"": 0.12404841929674149, ""UP"": 0.4909026324748993}",SELL,HOLD,BEAR,FLAT,6.0,,,111234.16,0.0
157,2026-06-22T22:01:47.038355+00:00,basket,SPY,744.27,2.0,"{""DOWN"": 0.24501754343509674, ""FLAT"": 0.17546597123146057, ""UP"": 0.5795164704322815}",BUY,HOLD,CHOPPY,XGB,,,,111234.16,0.0
158,2026-06-22T22:01:47.038355+00:00,basket,XLK,192.25,2.0,"{""DOWN"": 0.29327940940856934, ""FLAT"": 0.14323745667934418, ""UP"": 0.5634831190109253}",BUY,HOLD,CHOPPY,XGB,,,,111234.16,0.0
159,2026-06-22T22:01:47.038355+00:00,basket,XLV,150.09,2.0,"{""DOWN"": 0.2761540412902832, ""FLAT"": 0.1870543211698532, ""UP"": 0.5367916822433472}",BUY,HOLD,CHOPPY,XGB,,,,111234.16,0.0
160,2026-06-22T22:01:47.038355+00:00,basket,XLE,54.07,2.0,"{""DOWN"": 0.38504892587661743, ""FLAT"": 0.12404841929674149, ""UP"": 0.4909026324748993}",SELL,HOLD,BEAR,FLAT,7.0,,,111234.16,0.0
161,2026-06-23T21:52:10.885621+00:00,basket,SPY,733.62,2.0,"{""DOWN"": 0.2474302500486374, ""FLAT"": 0.17567908763885498, ""UP"": 0.5768906474113464}",SELL,HOLD,BEAR,FLAT,1.0,,,111234.16,0.0
162,2026-06-23T21:52:10.885621+00:00,basket,XLK,184.16,2.0,"{""DOWN"": 0.2908813953399658, ""FLAT"": 0.14222145080566406, ""UP"": 0.5668971538543701}",BUY,HOLD,CHOPPY,XGB,,,,111234.16,0.0
163,2026-06-23T21:52:10.885621+00:00,basket,XLV,152.13,2.0,"{""DOWN"": 0.2788611054420471, ""FLAT"": 0.18635477125644684, ""UP"": 0.5347841382026672}",BUY,HOLD,CHOPPY,XGB,,,,111234.16,0.0
164,2026-06-23T21:52:10.885621+00:00,basket,XLE,54.45,2.0,"{""DOWN"": 0.38783037662506104, ""FLAT"": 0.12526720762252808, ""UP"": 0.4869024157524109}",SELL,HOLD,BEAR,FLAT,8.0,,,111234.16,0.0
165,2026-06-24T21:50:41.052763+00:00,basket,SPY,733.32,2.0,"{""DOWN"": 0.2474302500486374, ""FLAT"": 0.17567908763885498, ""UP"": 0.5768906474113464}",SELL,HOLD,BEAR,FLAT,2.0,,,111234.16,0.0
166,2026-06-24T21:50:41.052763+00:00,basket,XLK,183.14,2.0,"{""DOWN"": 0.28528672456741333, ""FLAT"": 0.14093372225761414, ""UP"": 0.5737795233726501}",SELL,HOLD,BEAR,FLAT,1.0,,,111234.16,0.0
167,2026-06-24T21:50:41.052763+00:00,basket,XLV,153.36,2.0,"{""DOWN"": 0.27855896949768066, ""FLAT"": 0.18723632395267487, ""UP"": 0.5342047214508057}",BUY,HOLD,CHOPPY,XGB,,,,111234.16,0.0
168,2026-06-24T21:50:41.052763+00:00,basket,XLE,53.54,2.0,"{""DOWN"": 0.3841853141784668, ""FLAT"": 0.12601308524608612, ""UP"": 0.4898016154766083}",SELL,HOLD,BEAR,FLAT,9.0,,,111234.16,0.0
169,2026-06-25T21:53:32.328846+00:00,basket,SPY,733.33,2.0,"{""DOWN"": 0.2474302500486374, ""FLAT"": 0.17567908763885498, ""UP"": 0.5768906474113464}",SELL,HOLD,BEAR,FLAT,3.0,,,111234.16,0.0
170,2026-06-25T21:53:32.328846+00:00,basket,XLK,184.58,2.0,"{""DOWN"": 0.28732725977897644, ""FLAT"": 0.13953030109405518, ""UP"": 0.5731424689292908}",BUY,HOLD,CHOPPY,XGB,,,,111234.16,0.0
171,2026-06-25T21:53:32.328846+00:00,basket,XLV,155.67,2.0,"{""DOWN"": 0.2786531448364258, ""FLAT"": 0.18696150183677673, ""UP"": 0.5343853235244751}",BUY,HOLD,CHOPPY,XGB,,,,111234.16,0.0
172,2026-06-25T21:53:32.328846+00:00,basket,XLE,54.09,2.0,"{""DOWN"": 0.38658034801483154, ""FLAT"": 0.11819034814834595, ""UP"": 0.4952293038368225}",SELL,HOLD,BEAR,FLAT,10.0,,,111234.16,0.0
173,2026-06-26T21:47:07.651727+00:00,basket,SPY,729.35,2.0,"{""DOWN"": 0.24803011119365692, ""FLAT"": 0.1736806035041809, ""UP"": 0.578289270401001}",SELL,HOLD,BEAR,FLAT,4.0,,,111234.16,0.0
174,2026-06-26T21:47:07.651727+00:00,basket,XLK,180.78,2.0,"{""DOWN"": 0.28789713978767395, ""FLAT"": 0.13836167752742767, ""UP"": 0.5737411975860596}",SELL,HOLD,BEAR,FLAT,1.0,,,111234.16,0.0
175,2026-06-26T21:47:07.651727+00:00,basket,XLV,160.28,2.0,"{""DOWN"": 0.27647557854652405, ""FLAT"": 0.19331517815589905, ""UP"": 0.5302093029022217}",BUY,HOLD,CHOPPY,XGB,,,,111234.16,0.0
176,2026-06-26T21:47:07.651727+00:00,basket,XLE,53.86,2.0,"{""DOWN"": 0.3907020390033722, ""FLAT"": 0.11879034340381622, ""UP"": 0.49050766229629517}",BUY,HOLD,BEAR,XGB_BEAR_WEAK,11.0,,,111234.16,0.0
177,2026-06-29T21:48:37.558888+00:00,basket,SPY,740.86,2.0,"{""DOWN"": 0.2474302500486374, ""FLAT"": 0.17567908763885498, ""UP"": 0.5768906474113464}",SELL,HOLD,BEAR,FLAT,5.0,,,111234.16,0.0
178,2026-06-29T21:48:37.558888+00:00,basket,XLK,185.42,2.0,"{""DOWN"": 0.29050570726394653, ""FLAT"": 0.13785484433174133, ""UP"": 0.5716394782066345}",SELL,HOLD,BEAR,FLAT,2.0,,,111234.16,0.0
179,2026-06-29T21:48:37.558888+00:00,basket,XLV,160.75,2.0,"{""DOWN"": 0.27647557854652405, ""FLAT"": 0.19331517815589905, ""UP"": 0.5302093029022217}",BUY,HOLD,CHOPPY,XGB,,,,111234.16,0.0
180,2026-06-29T21:48:37.558888+00:00,basket,XLE,53.57,2.0,"{""DOWN"": 0.3856674134731293, ""FLAT"": 0.12027274817228317, ""UP"": 0.49405980110168457}",SELL,HOLD,BEAR,FLAT,12.0,,,111234.16,0.0
181,2026-06-30T21:50:12.464607+00:00,basket,SPY,746.65,2.0,"{""DOWN"": 0.24476966261863708, ""FLAT"": 0.17630016803741455, ""UP"": 0.5789301991462708}",BUY,HOLD,BEAR,XGB_BEAR_WEAK,6.0,,,111234.16,0.0
182,2026-06-30T21:50:12.464607+00:00,basket,XLK,190.45,2.0,"{""DOWN"": 0.2853112816810608, ""FLAT"": 0.14085979759693146, ""UP"": 0.573828935623169}",BUY,HOLD,BEAR,XGB_BEAR_WEAK,3.0,,,111234.16,0.0
183,2026-06-30T21:50:12.464607+00:00,basket,XLV,158.69,2.0,"{""DOWN"": 0.27647557854652405, ""FLAT"": 0.19331517815589905, ""UP"": 0.5302093029022217}",BUY,HOLD,CHOPPY,XGB,,,,111234.16,0.0
184,2026-06-30T21:50:12.464607+00:00,basket,XLE,53.14,2.0,"{""DOWN"": 0.38520655035972595, ""FLAT"": 0.12232892215251923, ""UP"": 0.4924645721912384}",SELL,HOLD,BEAR,FLAT,13.0,,,111234.16,0.0
185,2026-07-01T21:51:30.094467+00:00,basket,SPY,745.665,2.0,"{""DOWN"": 0.24476966261863708, ""FLAT"": 0.17630016803741455, ""UP"": 0.5789301991462708}",BUY,HOLD,BEAR,XGB_BEAR_WEAK,7.0,,,111234.16,0.0
186,2026-07-01T21:51:30.094467+00:00,basket,XLK,185.65,2.0,"{""DOWN"": 0.2949485778808594, ""FLAT"": 0.13699820637702942, ""UP"": 0.5680531859397888}",BUY,HOLD,BEAR,XGB_BEAR_WEAK,4.0,,,111234.16,0.0
187,2026-07-01T21:51:30.094467+00:00,basket,XLV,159.59,2.0,"{""DOWN"": 0.27647557854652405, ""FLAT"": 0.19331517815589905, ""UP"": 0.5302093029022217}",BUY,HOLD,CHOPPY,XGB,,,,111234.16,0.0
188,2026-07-01T21:51:30.094467+00:00,basket,XLE,52.81,2.0,"{""DOWN"": 0.38600707054138184, ""FLAT"": 0.1235206350684166, ""UP"": 0.49047231674194336}",SELL,HOLD,BEAR,FLAT,14.0,,,111234.16,0.0
189,2026-07-02T21:45:29.349211+00:00,basket,SPY,744.86,2.0,"{""DOWN"": 0.24476966261863708, ""FLAT"": 0.17630016803741455, ""UP"": 0.5789301991462708}",BUY,HOLD,BEAR,XGB_BEAR_WEAK,8.0,,,111234.16,0.0
190,2026-07-02T21:45:29.349211+00:00,basket,XLK,180.5,2.0,"{""DOWN"": 0.30390283465385437, ""FLAT"": 0.13441838324069977, ""UP"": 0.5616787672042847}",SELL,HOLD,BEAR,FLAT,5.0,,,111234.16,0.0
191,2026-07-02T21:45:29.349211+00:00,basket,XLV,163.77,2.0,"{""DOWN"": 0.27647557854652405, ""FLAT"": 0.19331517815589905, ""UP"": 0.5302093029022217}",BUY,HOLD,CHOPPY,XGB,,,,111234.16,0.0
192,2026-07-02T21:45:29.349211+00:00,basket,XLE,53.24,2.0,"{""DOWN"": 0.3872070014476776, ""FLAT"": 0.12327923625707626, ""UP"": 0.4895137846469879}",BUY,HOLD,CHOPPY,XGB,,,,111234.16,0.0
193,2026-07-03T21:42:36.404867+00:00,basket,SPY,744.86,2.0,"{""DOWN"": 0.24476966261863708, ""FLAT"": 0.17630016803741455, ""UP"": 0.5789301991462708}",BUY,HOLD,BEAR,XGB_BEAR_WEAK,8.0,,,111234.16,0.0
194,2026-07-03T21:42:36.404867+00:00,basket,XLK,180.5,2.0,"{""DOWN"": 0.30390283465385437, ""FLAT"": 0.13441838324069977, ""UP"": 0.5616787672042847}",SELL,HOLD,BEAR,FLAT,5.0,,,111234.16,0.0
195,2026-07-03T21:42:36.404867+00:00,basket,XLV,163.77,2.0,"{""DOWN"": 0.27647557854652405, ""FLAT"": 0.19331517815589905, ""UP"": 0.5302093029022217}",BUY,HOLD,CHOPPY,XGB,,,,111234.16,0.0
196,2026-07-03T21:42:36.404867+00:00,basket,XLE,53.24,2.0,"{""DOWN"": 0.38868850469589233, ""FLAT"": 0.12298118323087692, ""UP"": 0.48833027482032776}",BUY,HOLD,CHOPPY,XGB,,,,111234.16,0.0
197,2026-07-06T21:51:03.357842+00:00,basket,SPY,751.27,2.0,"{""DOWN"": 0.24445270001888275, ""FLAT"": 0.17736679315567017, ""UP"": 0.5781804919242859}",BUY,HOLD,BEAR,XGB_BEAR_WEAK,9.0,,,111234.16,0.0
198,2026-07-06T21:51:03.357842+00:00,basket,XLK,183.56,2.0,"{""DOWN"": 0.29135653376579285, ""FLAT"": 0.13532978296279907, ""UP"": 0.5733137130737305}",BUY,HOLD,BEAR,XGB_BEAR_WEAK,6.0,,,111234.16,0.0
199,2026-07-06T21:51:03.357842+00:00,basket,XLV,162.07,2.0,"{""DOWN"": 0.27855896949768066, ""FLAT"": 0.18723632395267487, ""UP"": 0.5342047214508057}",BUY,HOLD,CHOPPY,XGB,,,,111234.16,0.0
200,2026-07-06T21:51:03.357842+00:00,basket,XLE,53.16,2.0,"{""DOWN"": 0.38868850469589233, ""FLAT"": 0.12298118323087692, ""UP"": 0.48833027482032776}",BUY,HOLD,CHOPPY,XGB,,,,111234.16,0.0
201,2026-07-07T21:48:37.096016+00:00,basket,SPY,747.77,2.0,"{""DOWN"": 0.24445270001888275, ""FLAT"": 0.17736679315567017, ""UP"": 0.5781804919242859}",BUY,HOLD,CHOPPY,XGB,,,,111234.16,0.0
202,2026-07-07T21:48:37.096016+00:00,basket,XLK,179.2,2.0,"{""DOWN"": 0.2852128744125366, ""FLAT"": 0.14115609228610992, ""UP"": 0.5736310482025146}",SELL,HOLD,BEAR,FLAT,7.0,,,111234.16,0.0
203,2026-07-07T21:48:37.096016+00:00,basket,XLV,164.51,2.0,"{""DOWN"": 0.27857956290245056, ""FLAT"": 0.18717624247074127, ""UP"": 0.534244179725647}",BUY,HOLD,CHOPPY,XGB,,,,111234.16,0.0
204,2026-07-07T21:48:37.096016+00:00,basket,XLE,54.67,2.0,"{""DOWN"": 0.3903430104255676, ""FLAT"": 0.12264835834503174, ""UP"": 0.4870086908340454}",BUY,HOLD,BEAR,XGB_BEAR_WEAK,1.0,,,111234.16,0.0
205,2026-07-08T21:44:39.140542+00:00,basket,SPY,745.28,2.0,"{""DOWN"": 0.247110977768898, ""FLAT"": 0.1767427623271942, ""UP"": 0.5761463046073914}",BUY,HOLD,CHOPPY,XGB,,,,111234.16,0.0
206,2026-07-08T21:44:39.140542+00:00,basket,XLK,181.39,2.0,"{""DOWN"": 0.27967292070388794, ""FLAT"": 0.13695253431797028, ""UP"": 0.5833745002746582}",SELL,HOLD,BEAR,FLAT,8.0,,,111234.16,0.0
207,2026-07-08T21:44:39.140542+00:00,basket,XLV,162.3,2.0,"{""DOWN"": 0.27857956290245056, ""FLAT"": 0.18717624247074127, ""UP"": 0.534244179725647}",BUY,BUY,CHOPPY,XGB,,,,111234.16,0.0
208,2026-07-08T21:44:39.140542+00:00,basket,XLE,55.6,2.0,"{""DOWN"": 0.3913763165473938, ""FLAT"": 0.120478056371212, ""UP"": 0.4881455898284912}",BUY,HOLD,BEAR,XGB_BEAR_WEAK,2.0,,,111234.16,0.0
209,2026-07-09T21:50:50.319052+00:00,basket,SPY,751.55,2.0,"{""DOWN"": 0.24445270001888275, ""FLAT"": 0.17736679315567017, ""UP"": 0.5781804919242859}",BUY,HOLD,CHOPPY,XGB,,,,111234.16,0.0
210,2026-07-09T21:50:50.319052+00:00,basket,XLK,185.315,2.0,"{""DOWN"": 0.28879815340042114, ""FLAT"": 0.1418459415435791, ""UP"": 0.569355845451355}",BUY,HOLD,CHOPPY,XGB,,,,111234.16,0.0
211,2026-07-09T21:50:50.319052+00:00,basket,XLV,162.145,2.0,"{""DOWN"": 0.27857956290245056, ""FLAT"": 0.18717624247074127, ""UP"": 0.534244179725647}",BUY,HOLD,CHOPPY,XGB,,,,111234.16,0.0
212,2026-07-09T21:50:50.319052+00:00,basket,XLE,54.8,2.0,"{""DOWN"": 0.38650479912757874, ""FLAT"": 0.12144237756729126, ""UP"": 0.49205276370048523}",BUY,HOLD,BEAR,XGB_BEAR_WEAK,3.0,,,111234.16,0.0
213,2026-07-10T21:40:05.678228+00:00,basket,SPY,754.94,2.0,"{""DOWN"": 0.24445270001888275, ""FLAT"": 0.17736679315567017, ""UP"": 0.5781804919242859}",BUY,HOLD,CHOPPY,XGB,,,,111234.16,0.0
214,2026-07-10T21:40:05.678228+00:00,basket,XLK,185.81,2.0,"{""DOWN"": 0.28848081827163696, ""FLAT"": 0.14278893172740936, ""UP"": 0.5687302350997925}",BUY,HOLD,CHOPPY,XGB,,,,111234.16,0.0
215,2026-07-10T21:40:05.678228+00:00,basket,XLV,160.88,2.0,"{""DOWN"": 0.27855896949768066, ""FLAT"": 0.18723632395267487, ""UP"": 0.5342047214508057}",BUY,HOLD,CHOPPY,XGB,,,,111234.16,0.0
216,2026-07-10T21:40:05.678228+00:00,basket,XLE,55.075,2.0,"{""DOWN"": 0.3903430104255676, ""FLAT"": 0.12264835834503174, ""UP"": 0.4870086908340454}",BUY,HOLD,BEAR,XGB_BEAR_WEAK,4.0,,,111234.16,0.0
217,2026-07-13T21:37:16.190050+00:00,basket,SPY,749.13,2.0,"{""DOWN"": 0.247110977768898, ""FLAT"": 0.1767427623271942, ""UP"": 0.5761463046073914}",BUY,HOLD,CHOPPY,XGB,,,,111234.16,0.0
218,2026-07-13T21:37:16.190050+00:00,basket,XLK,181.28,2.0,"{""DOWN"": 0.27967292070388794, ""FLAT"": 0.13695253431797028, ""UP"": 0.5833745002746582}",SELL,HOLD,BEAR,FLAT,1.0,,,111234.16,0.0
219,2026-07-13T21:37:16.190050+00:00,basket,XLV,161.38,2.0,"{""DOWN"": 0.27855896949768066, ""FLAT"": 0.18723632395267487, ""UP"": 0.5342047214508057}",BUY,HOLD,CHOPPY,XGB,,,,111234.16,0.0
220,2026-07-13T21:37:16.190050+00:00,basket,XLE,56.75,2.0,"{""DOWN"": 0.3762710392475128, ""FLAT"": 0.12547974288463593, ""UP"": 0.4982491731643677}",BUY,HOLD,BEAR,XGB_BEAR_WEAK,5.0,,,111234.16,0.0
221,2026-07-14T21:38:25.245153+00:00,basket,SPY,751.94,2.0,"{""DOWN"": 0.24445270001888275, ""FLAT"": 0.17736679315567017, ""UP"": 0.5781804919242859}",BUY,HOLD,CHOPPY,XGB,,,,111234.16,0.0
222,2026-07-14T21:38:25.245153+00:00,basket,XLK,183.59,2.0,"{""DOWN"": 0.27937620878219604, ""FLAT"": 0.1378682553768158, ""UP"": 0.5827555656433105}",BUY,HOLD,BEAR,XGB_BEAR_WEAK,2.0,,,111234.16,0.0
223,2026-07-14T21:38:25.245153+00:00,basket,XLV,158.28,2.0,"{""DOWN"": 0.2769508361816406, ""FLAT"": 0.18765369057655334, ""UP"": 0.5353955030441284}",BUY,HOLD,CHOPPY,XGB,,,,111234.16,0.0
224,2026-07-14T21:38:25.245153+00:00,basket,XLE,56.96,2.0,"{""DOWN"": 0.3842933773994446, ""FLAT"": 0.1234070360660553, ""UP"": 0.4922996163368225}",BUY,HOLD,BEAR,XGB_BEAR_WEAK,6.0,,,111234.16,0.0
225,2026-07-15T21:38:37.783728+00:00,basket,SPY,754.77,2.0,"{""DOWN"": 0.24733781814575195, ""FLAT"": 0.17792487144470215, ""UP"": 0.5747373104095459}",BUY,HOLD,CHOPPY,XGB,,,,111234.16,0.0
226,2026-07-15T21:38:37.783728+00:00,basket,XLK,181.57,2.0,"{""DOWN"": 0.29157117009162903, ""FLAT"": 0.1329680234193802, ""UP"": 0.5754607915878296}",BUY,HOLD,BEAR,XGB_BEAR_WEAK,3.0,,,111234.16,0.0
227,2026-07-15T21:38:37.783728+00:00,basket,XLV,158.33,2.0,"{""DOWN"": 0.2769508361816406, ""FLAT"": 0.18765369057655334, ""UP"": 0.5353955030441284}",BUY,HOLD,CHOPPY,XGB,,,,111234.16,0.0
228,2026-07-15T21:38:37.783728+00:00,basket,XLE,56.48,2.0,"{""DOWN"": 0.38568732142448425, ""FLAT"": 0.12394363433122635, ""UP"": 0.49036905169487}",BUY,HOLD,CHOPPY,XGB,,,,111234.16,0.0
229,2026-07-16T21:41:29.306163+00:00,basket,SPY,750.87,2.0,"{""DOWN"": 0.24840952455997467, ""FLAT"": 0.17767152190208435, ""UP"": 0.5739189982414246}",BUY,HOLD,CHOPPY,XGB,,,,111234.16,0.0
230,2026-07-16T21:41:29.306163+00:00,basket,XLK,177.485,2.0,"{""DOWN"": 0.2859722673892975, ""FLAT"": 0.1304147094488144, ""UP"": 0.5836130380630493}",SELL,HOLD,BEAR,FLAT,4.0,,,111234.16,0.0
231,2026-07-16T21:41:29.306163+00:00,basket,XLV,161.82,2.0,"{""DOWN"": 0.27855896949768066, ""FLAT"": 0.18723632395267487, ""UP"": 0.5342047214508057}",BUY,HOLD,CHOPPY,XGB,,,,111234.16,0.0
232,2026-07-16T21:41:29.306163+00:00,basket,XLE,57.01,2.0,"{""DOWN"": 0.38464754819869995, ""FLAT"": 0.12630534172058105, ""UP"": 0.4890470802783966}",BUY,HOLD,CHOPPY,XGB,,,,111234.16,0.0
233,2026-07-17T21:36:09.348346+00:00,basket,SPY,743.28,2.0,"{""DOWN"": 0.24840053915977478, ""FLAT"": 0.17770127952098846, ""UP"": 0.573898196220398}",HOLD,HOLD,BULL,SMA,,,,111234.16,0.0
234,2026-07-17T21:36:09.348346+00:00,basket,XLK,175.55,2.0,"{""DOWN"": 0.28895696997642517, ""FLAT"": 0.1334587037563324, ""UP"": 0.5775843262672424}",SELL,HOLD,BEAR,FLAT,5.0,,,111234.16,0.0
235,2026-07-17T21:36:09.348346+00:00,basket,XLV,161.1,2.0,"{""DOWN"": 0.2769508361816406, ""FLAT"": 0.18765369057655334, ""UP"": 0.5353955030441284}",BUY,HOLD,CHOPPY,XGB,,,,111234.16,0.0
236,2026-07-17T21:36:09.348346+00:00,basket,XLE,57.68,2.0,"{""DOWN"": 0.39055508375167847, ""FLAT"": 0.12296152114868164, ""UP"": 0.4864834249019623}",HOLD,HOLD,BULL,SMA,,,,111234.16,0.0
237,2026-07-20T21:44:59.267597+00:00,basket,SPY,742.15,2.0,"{""DOWN"": 0.24840053915977478, ""FLAT"": 0.17770127952098846, ""UP"": 0.573898196220398}",BUY,HOLD,CHOPPY,XGB,,,,111234.16,0.0
238,2026-07-20T21:44:59.267597+00:00,basket,XLK,175.75,2.0,"{""DOWN"": 0.29845184087753296, ""FLAT"": 0.13184811174869537, ""UP"": 0.5697000622749329}",SELL,HOLD,BEAR,FLAT,6.0,,,111234.16,0.0
239,2026-07-20T21:44:59.267597+00:00,basket,XLV,159.3,2.0,"{""DOWN"": 0.27855896949768066, ""FLAT"": 0.18723632395267487, ""UP"": 0.5342047214508057}",BUY,HOLD,CHOPPY,XGB,,,,111234.16,0.0
240,2026-07-20T21:44:59.267597+00:00,basket,XLE,57.955,2.0,"{""DOWN"": 0.38069742918014526, ""FLAT"": 0.12151462584733963, ""UP"": 0.4977879524230957}",HOLD,HOLD,BULL,SMA,,,,111234.16,0.0
241,2026-07-21T21:42:49.405758+00:00,basket,SPY,748.155,2.0,"{""DOWN"": 0.24840053915977478, ""FLAT"": 0.17770127952098846, ""UP"": 0.573898196220398}",HOLD,HOLD,BULL,SMA,,,,111234.16,0.0
242,2026-07-21T21:42:49.405758+00:00,basket,XLK,180.71,2.0,"{""DOWN"": 0.2898992896080017, ""FLAT"": 0.13345545530319214, ""UP"": 0.5766451954841614}",SELL,HOLD,BEAR,FLAT,7.0,,,111234.16,0.0
243,2026-07-21T21:42:49.405758+00:00,basket,XLV,160.24,2.0,"{""DOWN"": 0.2769508361816406, ""FLAT"": 0.18765369057655334, ""UP"": 0.5353955030441284}",BUY,HOLD,CHOPPY,XGB,,,,111234.16,0.0
244,2026-07-21T21:42:49.405758+00:00,basket,XLE,58.52,2.0,"{""DOWN"": 0.37827450037002563, ""FLAT"": 0.12259766459465027, ""UP"": 0.4991278350353241}",HOLD,HOLD,BULL,SMA,,,,111234.16,0.0
245,2026-07-22T21:41:31.369025+00:00,basket,SPY,747.49,2.0,"{""DOWN"": 0.24840053915977478, ""FLAT"": 0.17770127952098846, ""UP"": 0.573898196220398}",HOLD,HOLD,BULL,SMA,,,,111234.16,0.0
246,2026-07-22T21:41:31.369025+00:00,basket,XLK,180.22,2.0,"{""DOWN"": 0.28440940380096436, ""FLAT"": 0.1437762826681137, ""UP"": 0.5718143582344055}",SELL,HOLD,BEAR,FLAT,8.0,,,111234.16,0.0
247,2026-07-22T21:41:31.369025+00:00,basket,XLV,159.39,2.0,"{""DOWN"": 0.2769508361816406, ""FLAT"": 0.18765369057655334, ""UP"": 0.5353955030441284}",BUY,HOLD,CHOPPY,XGB,,,,111234.16,0.0
248,2026-07-22T21:41:31.369025+00:00,basket,XLE,59.18,2.0,"{""DOWN"": 0.37663087248802185, ""FLAT"": 0.12130555510520935, ""UP"": 0.5020635724067688}",HOLD,HOLD,BULL,SMA,,,,111234.16,0.0
249,2026-07-23T21:40:43.864494+00:00,basket,SPY,738.06,2.0,"{""DOWN"": 0.24840053915977478, ""FLAT"": 0.17770127952098846, ""UP"": 0.573898196220398}",HOLD,HOLD,BULL,SMA,,,,111234.16,0.0
250,2026-07-23T21:40:43.864494+00:00,basket,XLK,178.43,2.0,"{""DOWN"": 0.2864164710044861, ""FLAT"": 0.13773390650749207, ""UP"": 0.5758495926856995}",BUY,HOLD,BEAR,XGB_BEAR_WEAK,9.0,,,111234.16,0.0
251,2026-07-23T21:40:43.864494+00:00,basket,XLV,161.43,2.0,"{""DOWN"": 0.2769508361816406, ""FLAT"": 0.18765369057655334, ""UP"": 0.5353955030441284}",BUY,HOLD,CHOPPY,XGB,,,,111234.16,0.0
252,2026-07-23T21:40:43.864494+00:00,basket,XLE,59.4,2.0,"{""DOWN"": 0.3737466633319855, ""FLAT"": 0.12128330767154694, ""UP"": 0.5049700736999512}",HOLD,HOLD,BULL,SMA,,,,111234.16,0.0
253,2026-07-24T21:41:35.583291+00:00,basket,SPY,738.9,2.0,"{""DOWN"": 0.24840053915977478, ""FLAT"": 0.17770127952098846, ""UP"": 0.573898196220398}",HOLD,HOLD,BULL,SMA,,,,111234.16,0.0
254,2026-07-24T21:41:35.583291+00:00,basket,XLK,175.93,2.0,"{""DOWN"": 0.2900036573410034, ""FLAT"": 0.13314354419708252, ""UP"": 0.5768527984619141}",BUY,HOLD,BEAR,XGB_BEAR_WEAK,10.0,,,111234.16,0.0
255,2026-07-24T21:41:35.583291+00:00,basket,XLV,162.58,2.0,"{""DOWN"": 0.2769508361816406, ""FLAT"": 0.18765369057655334, ""UP"": 0.5353955030441284}",BUY,HOLD,CHOPPY,XGB,,,,111234.16,0.0
256,2026-07-24T21:41:35.583291+00:00,basket,XLE,59.61,2.0,"{""DOWN"": 0.37614157795906067, ""FLAT"": 0.12081948667764664, ""UP"": 0.5030389428138733}",HOLD,HOLD,BULL,SMA,,,,111234.16,0.0
257,2026-07-27T21:43:28.650907+00:00,basket,SPY,738.85,2.0,"{""DOWN"": 0.24840053915977478, ""FLAT"": 0.17770127952098846, ""UP"": 0.573898196220398}",HOLD,HOLD,BULL,SMA,,,,111234.16,0.0
258,2026-07-27T21:43:28.650907+00:00,basket,XLK,174.3,2.0,"{""DOWN"": 0.2898992896080017, ""FLAT"": 0.13345545530319214, ""UP"": 0.5766451954841614}",SELL,HOLD,BEAR,FLAT,11.0,,,111234.16,0.0
259,2026-07-27T21:43:28.650907+00:00,basket,XLV,163.39,2.0,"{""DOWN"": 0.2772518992424011, ""FLAT"": 0.18677061796188354, ""UP"": 0.5359774827957153}",BUY,HOLD,CHOPPY,XGB,,,,111234.16,0.0
260,2026-07-27T21:43:28.650907+00:00,basket,XLE,58.375,2.0,"{""DOWN"": 0.3757249414920807, ""FLAT"": 0.12179335206747055, ""UP"": 0.5024816989898682}",HOLD,HOLD,BULL,SMA,,,,111234.16,0.0
261,2026-07-28T21:43:37.095011+00:00,basket,SPY,740.795,2.0,"{""DOWN"": 0.24840053915977478, ""FLAT"": 0.17770127952098846, ""UP"": 0.573898196220398}",BUY,HOLD,CHOPPY,XGB,,,,111234.16,0.0
262,2026-07-28T21:43:37.095011+00:00,basket,XLK,171.07,2.0,"{""DOWN"": 0.2987476885318756, ""FLAT"": 0.13179250061511993, ""UP"": 0.5694597959518433}",SELL,HOLD,BEAR,FLAT,12.0,,,111234.16,0.0
263,2026-07-28T21:43:37.095011+00:00,basket,XLV,167.29,2.0,"{""DOWN"": 0.27527517080307007, ""FLAT"": 0.19256871938705444, ""UP"": 0.5321561098098755}",BUY,HOLD,CHOPPY,XGB,,,,111234.16,0.0
264,2026-07-28T21:43:37.095011+00:00,basket,XLE,57.545,2.0,"{""DOWN"": 0.37833598256111145, ""FLAT"": 0.12026028335094452, ""UP"": 0.5014037489891052}",HOLD,HOLD,BULL,SMA,,,,111234.16,0.0
265,2026-07-29T21:38:34.842115+00:00,basket,SPY,729.57,2.0,"{""DOWN"": 0.24873214960098267, ""FLAT"": 0.17660345137119293, ""UP"": 0.5746643543243408}",BUY,HOLD,CHOPPY,XGB,,,,111234.16,0.0
266,2026-07-29T21:38:34.842115+00:00,basket,XLK,166.52,2.0,"{""DOWN"": 0.29661521315574646, ""FLAT"": 0.12436076253652573, ""UP"": 0.5790240168571472}",SELL,HOLD,BEAR,FLAT,13.0,,,111234.16,0.0
267,2026-07-29T21:38:34.842115+00:00,basket,XLV,166.27,2.0,"{""DOWN"": 0.27527517080307007, ""FLAT"": 0.19256871938705444, ""UP"": 0.5321561098098755}",BUY,HOLD,CHOPPY,XGB,,,,111234.16,0.0
268,2026-07-29T21:38:34.842115+00:00,basket,XLE,58.64,2.0,"{""DOWN"": 0.37709876894950867, ""FLAT"": 0.12313719838857651, ""UP"": 0.499764084815979}",HOLD,HOLD,BULL,SMA,,,,111234.16,0.0
269,2026-07-30T21:44:51.239834+00:00,basket,SPY,741.63,2.0,"{""DOWN"": 0.2434776872396469, ""FLAT"": 0.17665936052799225, ""UP"": 0.5798629522323608}",BUY,HOLD,BEAR,XGB_BEAR_WEAK,1.0,,,111234.16,0.0
270,2026-07-30T21:44:51.239834+00:00,basket,XLK,175.635,2.0,"{""DOWN"": 0.2898992896080017, ""FLAT"": 0.13345545530319214, ""UP"": 0.5766451954841614}",SELL,BUY,BEAR,FLAT,14.0,,,111234.16,0.0
271,2026-07-30T21:44:51.239834+00:00,basket,XLV,163.49,2.0,"{""DOWN"": 0.2772518992424011, ""FLAT"": 0.18677061796188354, ""UP"": 0.5359774827957153}",BUY,HOLD,CHOPPY,XGB,,,,111234.16,0.0
272,2026-07-30T21:44:51.239834+00:00,basket,XLE,58.95,2.0,"{""DOWN"": 0.37538889050483704, ""FLAT"": 0.12257886677980423, ""UP"": 0.5020322799682617}",HOLD,HOLD,BULL,SMA,,,,111234.16,0.0
273,2026-07-31T21:42:34.011705+00:00,basket,SPY,746.79,2.0,"{""DOWN"": 0.2434776872396469, ""FLAT"": 0.17665936052799225, ""UP"": 0.5798629522323608}",BUY,HOLD,CHOPPY,XGB,,,,111234.16,0.0
274,2026-07-31T21:42:34.011705+00:00,basket,XLK,175.25,2.0,"{""DOWN"": 0.28816577792167664, ""FLAT"": 0.13378125429153442, ""UP"": 0.5780529379844666}",SELL,HOLD,BEAR,FLAT,15.0,,,111234.16,0.0
275,2026-07-31T21:42:34.011705+00:00,basket,XLV,162.55,2.0,"{""DOWN"": 0.2772518992424011, ""FLAT"": 0.18677061796188354, ""UP"": 0.5359774827957153}",SELL,HOLD,BEAR,FLAT,1.0,,,111234.16,0.0
276,2026-07-31T21:42:34.011705+00:00,basket,XLE,59.54,2.0,"{""DOWN"": 0.37538889050483704, ""FLAT"": 0.12257886677980423, ""UP"": 0.5020322799682617}",HOLD,HOLD,BULL,SMA,,,,111234.16,0.0
277,2026-08-03T21:43:51.152737+00:00,basket,SPY,757.72,2.0,"{""DOWN"": 0.2434776872396469, ""FLAT"": 0.17665936052799225, ""UP"": 0.5798629522323608}",BUY,HOLD,CHOPPY,XGB,,,,111234.16,0.0
278,2026-08-03T21:43:51.152737+00:00,basket,XLK,178.09,2.0,"{""DOWN"": 0.2859621047973633, ""FLAT"": 0.1350393444299698, ""UP"": 0.5789985656738281}",BUY,HOLD,BEAR,XGB_BEAR_WEAK,16.0,,,111234.16,0.0
279,2026-08-03T21:43:51.152737+00:00,basket,XLV,162.25,2.0,"{""DOWN"": 0.2772518992424011, ""FLAT"": 0.18677061796188354, ""UP"": 0.5359774827957153}",BUY,HOLD,CHOPPY,XGB,,,,111234.16,0.0
280,2026-08-03T21:43:51.152737+00:00,basket,XLE,58.78,2.0,"{""DOWN"": 0.37538889050483704, ""FLAT"": 0.12257886677980423, ""UP"": 0.5020322799682617}",BUY,HOLD,CHOPPY,XGB,,,,111234.16,0.0
281,2026-08-04T21:47:12.052629+00:00,basket,SPY,771.11,2.0,"{""DOWN"": 0.2434776872396469, ""FLAT"": 0.17665936052799225, ""UP"": 0.5798629522323608}",BUY,HOLD,CHOPPY,XGB,,,,111234.16,0.0
282,2026-08-04T21:47:12.052629+00:00,basket,XLK,186.86,2.0,"{""DOWN"": 0.2864049971103668, ""FLAT"": 0.14481854438781738, ""UP"": 0.5687764286994934}",BUY,HOLD,CHOPPY,XGB,,,,111234.16,0.0
283,2026-08-04T21:47:12.052629+00:00,basket,XLV,162.08,2.0,"{""DOWN"": 0.276204377412796, ""FLAT"": 0.18984319269657135, ""UP"": 0.5339524149894714}",SELL,HOLD,BEAR,FLAT,1.0,,,111234.16,0.0
284,2026-08-04T21:47:12.052629+00:00,basket,XLE,58.52,2.0,"{""DOWN"": 0.37589961290359497, ""FLAT"": 0.12138505280017853, ""UP"": 0.5027153491973877}",HOLD,HOLD,BULL,SMA,,,,111234.16,0.0
285,2026-08-05T22:28:51.113827+00:00,basket,SPY,769.79,2.0,"{""DOWN"": 0.2434776872396469, ""FLAT"": 0.17665936052799225, ""UP"": 0.5798629522323608}",BUY,HOLD,CHOPPY,XGB,,,,111234.16,0.0
286,2026-08-05T22:28:51.113827+00:00,basket,XLK,185.89,2.0,"{""DOWN"": 0.28094664216041565, ""FLAT"": 0.14363975822925568, ""UP"": 0.5754135847091675}",BUY,HOLD,CHOPPY,XGB,,,,111234.16,0.0
287,2026-08-05T22:28:51.113827+00:00,basket,XLV,164.16,2.0,"{""DOWN"": 0.2788611054420471, ""FLAT"": 0.18635477125644684, ""UP"": 0.5347841382026672}",BUY,HOLD,CHOPPY,XGB,,,,111234.16,0.0
288,2026-08-05T22:28:51.113827+00:00,basket,XLE,57.29,2.0,"{""DOWN"": 0.3756144642829895, ""FLAT"": 0.12572026252746582, ""UP"": 0.4986652731895447}",HOLD,HOLD,BULL,SMA,,,,111234.16,0.0
289,2026-08-07T01:02:21.019708+00:00,basket,SPY,768.64,2.0,"{""DOWN"": 0.2434776872396469, ""FLAT"": 0.17665936052799225, ""UP"": 0.5798629522323608}",BUY,HOLD,CHOPPY,XGB,,,,111234.16,0.0
290,2026-08-07T01:02:21.019708+00:00,basket,XLK,185.32,2.0,"{""DOWN"": 0.2774181663990021, ""FLAT"": 0.1390080451965332, ""UP"": 0.5835737586021423}",BUY,HOLD,CHOPPY,XGB,,,,111234.16,0.0
291,2026-08-07T01:02:21.019708+00:00,basket,XLV,164.42,2.0,"{""DOWN"": 0.2788611054420471, ""FLAT"": 0.18635477125644684, ""UP"": 0.5347841382026672}",BUY,HOLD,CHOPPY,XGB,,,,111234.16,0.0
292,2026-08-07T01:02:21.019708+00:00,basket,XLE,58.185,2.0,"{""DOWN"": 0.3770531415939331, ""FLAT"": 0.12543058395385742, ""UP"": 0.4975162744522095}",HOLD,HOLD,BULL,SMA,,,,111234.16,0.0
293,2026-08-07T01:03:20.580252+00:00,spy_only,SPY,768.64,2.0,"{""DOWN"": 0.2434776872396469, ""FLAT"": 0.17665936052799225, ""UP"": 0.5798629522323608}",BUY,HOLD,CHOPPY,XGB,,0.5189951658248901,69.0,111234.16,0.0
294,2026-08-07T01:03:20.580252+00:00,spy_only,XLK,185.32,2.0,"{""DOWN"": 0.2774181663990021, ""FLAT"": 0.1390080451965332, ""UP"": 0.5835737586021423}",BUY,HOLD,CHOPPY,XGB,,,,,
295,2026-08-07T01:03:20.580252+00:00,spy_only,XLV,164.42,2.0,"{""DOWN"": 0.2788611054420471, ""FLAT"": 0.18635477125644684, ""UP"": 0.5347841382026672}",BUY,HOLD,CHOPPY,XGB,,,,,
296,2026-08-07T01:03:20.580252+00:00,spy_only,XLE,58.185,2.0,"{""DOWN"": 0.3770531415939331, ""FLAT"": 0.12543058395385742, ""UP"": 0.4975162744522095}",HOLD,HOLD,BULL,SMA,,,,,
297,2026-08-07T21:57:41.308666+00:00,basket,SPY,773.16,2.0,"{""DOWN"": 0.2434776872396469, ""FLAT"": 0.17665936052799225, ""UP"": 0.5798629522323608}",BUY,HOLD,CHOPPY,XGB,,,,111234.16,0.0
298,2026-08-07T21:57:41.308666+00:00,basket,XLK,187.96,2.0,"{""DOWN"": 0.27639496326446533, ""FLAT"": 0.1421835869550705, ""UP"": 0.581421434879303}",BUY,HOLD,CHOPPY,XGB,,,,111234.16,0.0
299,2026-08-07T21:57:41.308666+00:00,basket,XLV,165.67,2.0,"{""DOWN"": 0.2768773138523102, ""FLAT"": 0.1921430081129074, ""UP"": 0.5309796929359436}",BUY,HOLD,CHOPPY,XGB,,,,111234.16,0.0
300,2026-08-07T21:57:41.308666+00:00,basket,XLE,57.49,2.0,"{""DOWN"": 0.3756144642829895, ""FLAT"": 0.12572026252746582, ""UP"": 0.4986652731895447}",BUY,HOLD,CHOPPY,XGB,,,,111234.16,0.0
301,2026-08-10T22:00:31.199386+00:00,basket,SPY,773.02,2.0,"{""DOWN"": 0.2434776872396469, ""FLAT"": 0.17665936052799225, ""UP"": 0.5798629522323608}",BUY,HOLD,CHOPPY,XGB,,,,111234.16,0.0
302,2026-08-10T22:00:31.199386+00:00,basket,XLK,186.32,2.0,"{""DOWN"": 0.28094664216041565, ""FLAT"": 0.14363975822925568, ""UP"": 0.5754135847091675}",BUY,HOLD,CHOPPY,XGB,,,,111234.16,0.0
303,2026-08-10T22:00:31.199386+00:00,basket,XLV,168.47,2.0,"{""DOWN"": 0.2768773138523102, ""FLAT"": 0.1921430081129074, ""UP"": 0.5309796929359436}",BUY,HOLD,CHOPPY,XGB,,,,111234.16,0.0
304,2026-08-10T22:00:31.199386+00:00,basket,XLE,60.205,2.0,"{""DOWN"": 0.3786887526512146, ""FLAT"": 0.125101238489151, ""UP"": 0.4962099492549896}",BUY,HOLD,CHOPPY,XGB,,,,111234.16,0.0
305,2026-08-11T22:07:02.025967+00:00,basket,SPY,770.52,2.0,"{""DOWN"": 0.24612882733345032, ""FLAT"": 0.17604029178619385, ""UP"": 0.5778309106826782}",BUY,HOLD,CHOPPY,XGB,,,,111234.16,0.0
306,2026-08-11T22:07:02.025967+00:00,basket,XLK,186.115,2.0,"{""DOWN"": 0.2778826057910919, ""FLAT"": 0.14084750413894653, ""UP"": 0.5812698602676392}",BUY,HOLD,CHOPPY,XGB,,,,111234.16,0.0
307,2026-08-11T22:07:02.025967+00:00,basket,XLV,167.98,2.0,"{""DOWN"": 0.27857956290245056, ""FLAT"": 0.18717624247074127, ""UP"": 0.534244179725647}",BUY,HOLD,CHOPPY,XGB,,,,111234.16,0.0
308,2026-08-11T22:07:02.025967+00:00,basket,XLE,60.91,2.0,"{""DOWN"": 0.37519779801368713, ""FLAT"": 0.12811680138111115, ""UP"": 0.4966854453086853}",BUY,HOLD,CHOPPY,XGB,,,,111234.16,0.0
309,2026-08-12T22:05:43.740647+00:00,basket,SPY,772.54,2.0,"{""DOWN"": 0.2434776872396469, ""FLAT"": 0.17665936052799225, ""UP"": 0.5798629522323608}",BUY,HOLD,CHOPPY,XGB,,,,111234.16,0.0
310,2026-08-12T22:05:43.740647+00:00,basket,XLK,188.88,2.0,"{""DOWN"": 0.28432121872901917, ""FLAT"": 0.14408546686172485, ""UP"": 0.5715933442115784}",BUY,HOLD,CHOPPY,XGB,,,,111234.16,0.0
311,2026-08-12T22:05:43.740647+00:00,basket,XLV,168.43,2.0,"{""DOWN"": 0.27697136998176575, ""FLAT"": 0.1875935047864914, ""UP"": 0.535435140132904}",BUY,HOLD,CHOPPY,XGB,,,,111234.16,0.0
312,2026-08-12T22:05:43.740647+00:00,basket,XLE,61.02,2.0,"{""DOWN"": 0.36429697275161743, ""FLAT"": 0.12370568513870239, ""UP"": 0.5119973421096802}",BUY,HOLD,CHOPPY,XGB,,,,111234.16,0.0
313,2026-08-13T22:05:27.496141+00:00,basket,SPY,777.84,2.0,"{""DOWN"": 0.2434776872396469, ""FLAT"": 0.17665936052799225, ""UP"": 0.5798629522323608}",BUY,HOLD,CHOPPY,XGB,,,,111234.16,0.0
314,2026-08-13T22:05:27.496141+00:00,basket,XLK,190.77,2.0,"{""DOWN"": 0.2786126136779785, ""FLAT"": 0.135281503200531, ""UP"": 0.5861058831214905}",BUY,HOLD,CHOPPY,XGB,,,,111234.16,0.0
315,2026-08-13T22:05:27.496141+00:00,basket,XLV,168.375,2.0,"{""DOWN"": 0.2820643186569214, ""FLAT"": 0.1918756365776062, ""UP"": 0.5260600447654724}",BUY,HOLD,CHOPPY,XGB,,,,111234.16,0.0
316,2026-08-13T22:05:27.496141+00:00,basket,XLE,61.05,2.0,"{""DOWN"": 0.37622660398483276, ""FLAT"": 0.12572608888149261, ""UP"": 0.4980473816394806}",BUY,HOLD,CHOPPY,XGB,,,,111234.16,0.0
317,2026-08-14T21:43:09.016150+00:00,basket,SPY,776.3,2.0,"{""DOWN"": 0.2434776872396469, ""FLAT"": 0.17665936052799225, ""UP"": 0.5798629522323608}",BUY,HOLD,CHOPPY,XGB,,,,111234.16,0.0
318,2026-08-14T21:43:09.016150+00:00,basket,XLK,190.025,2.0,"{""DOWN"": 0.27812185883522034, ""FLAT"": 0.1341443955898285, ""UP"": 0.5877336859703064}",BUY,HOLD,CHOPPY,XGB,,,,111234.16,0.0
319,2026-08-14T21:43:09.016150+00:00,basket,XLV,167.37,2.0,"{""DOWN"": 0.27855896949768066, ""FLAT"": 0.18723632395267487, ""UP"": 0.5342047214508057}",BUY,HOLD,CHOPPY,XGB,,,,111234.16,0.0
320,2026-08-14T21:43:09.016150+00:00,basket,XLE,61.915,2.0,"{""DOWN"": 0.36127641797065735, ""FLAT"": 0.13097138702869415, ""UP"": 0.5077521800994873}",BUY,HOLD,CHOPPY,XGB,,,,111234.16,0.0
321,2026-08-17T21:43:34.980915+00:00,basket,SPY,772.62,2.0,"{""DOWN"": 0.24612882733345032, ""FLAT"": 0.17604029178619385, ""UP"": 0.5778309106826782}",BUY,HOLD,CHOPPY,XGB,,,,111234.16,0.0
322,2026-08-17T21:43:34.980915+00:00,basket,XLK,190.27,2.0,"{""DOWN"": 0.2786126136779785, ""FLAT"": 0.135281503200531, ""UP"": 0.5861058831214905}",BUY,HOLD,CHOPPY,XGB,,,,111234.16,0.0
323,2026-08-17T21:43:34.980915+00:00,basket,XLV,167.07,2.0,"{""DOWN"": 0.27812492847442627, ""FLAT"": 0.1884491890668869, ""UP"": 0.5334258675575256}",HOLD,HOLD,BULL,SMA,,,,111234.16,0.0
324,2026-08-17T21:43:34.980915+00:00,basket,XLE,62.59,2.0,"{""DOWN"": 0.37826576828956604, ""FLAT"": 0.1209874078631401, ""UP"": 0.5007468461990356}",BUY,HOLD,CHOPPY,XGB,,,,111234.16,0.0
325,2026-08-18T21:41:26.798992+00:00,basket,SPY,767.365,2.0,"{""DOWN"": 0.24611999094486237, ""FLAT"": 0.17606984078884125, ""UP"": 0.5778101682662964}",BUY,HOLD,CHOPPY,XGB,,,,111234.16,0.0
326,2026-08-18T21:41:26.798992+00:00,basket,XLK,185.59,2.0,"{""DOWN"": 0.2882642447948456, ""FLAT"": 0.1424095183610916, ""UP"": 0.5693262815475464}",BUY,HOLD,CHOPPY,XGB,,,,111234.16,0.0
327,2026-08-18T21:41:26.798992+00:00,basket,XLV,169.715,2.0,"{""DOWN"": 0.2769508361816406, ""FLAT"": 0.18765369057655334, ""UP"": 0.5353955030441284}",BUY,HOLD,CHOPPY,XGB,,,,111234.16,0.0
328,2026-08-18T21:41:26.798992+00:00,basket,XLE,63.665,2.0,"{""DOWN"": 0.37826576828956604, ""FLAT"": 0.1209874078631401, ""UP"": 0.5007468461990356}",BUY,HOLD,CHOPPY,XGB,,,,111234.16,0.0
329,2026-08-19T21:43:29.326103+00:00,basket,SPY,769.09,2.0,"{""DOWN"": 0.24611999094486237, ""FLAT"": 0.17606984078884125, ""UP"": 0.5778101682662964}",BUY,HOLD,CHOPPY,XGB,,,,111234.16,0.0
330,2026-08-19T21:43:29.326103+00:00,basket,XLK,183.64,2.0,"{""DOWN"": 0.28193116188049316, ""FLAT"": 0.14132648706436157, ""UP"": 0.5767423510551453}",BUY,HOLD,CHOPPY,XGB,,,,111234.16,0.0
331,2026-08-19T21:43:29.326103+00:00,basket,XLV,175.7,2.0,"{""DOWN"": 0.27487486600875854, ""FLAT"": 0.19374285638332367, ""UP"": 0.5313822627067566}",BUY,HOLD,CHOPPY,XGB,,,,111234.16,0.0
332,2026-08-19T21:43:29.326103+00:00,basket,XLE,63.565,2.0,"{""DOWN"": 0.3782951533794403, ""FLAT"": 0.1209191381931305, ""UP"": 0.5007857084274292}",BUY,HOLD,CHOPPY,XGB,,,,111234.16,0.0
333,2026-08-20T21:46:00.160219+00:00,basket,SPY,762.62,2.0,"{""DOWN"": 0.2467520833015442, ""FLAT"": 0.1739538162946701, ""UP"": 0.5792940855026245}",BUY,HOLD,CHOPPY,XGB,,,,111234.16,0.0
334,2026-08-20T21:46:00.160219+00:00,basket,XLK,183.12,2.0,"{""DOWN"": 0.2790420949459076, ""FLAT"": 0.1413167119026184, ""UP"": 0.5796412229537964}",BUY,HOLD,CHOPPY,XGB,,,,111234.16,0.0
335,2026-08-20T21:46:00.160219+00:00,basket,XLV,172.43,2.0,"{""DOWN"": 0.27857956290245056, ""FLAT"": 0.18717624247074127, ""UP"": 0.534244179725647}",BUY,HOLD,CHOPPY,XGB,,,,111234.16,0.0
336,2026-08-20T21:46:00.160219+00:00,basket,XLE,63.76,2.0,"{""DOWN"": 0.37519779801368713, ""FLAT"": 0.12811680138111115, ""UP"": 0.4966854453086853}",BUY,HOLD,CHOPPY,XGB,,,,111234.16,0.0
337,2026-08-21T21:42:18.728147+00:00,basket,SPY,765.64,2.0,"{""DOWN"": 0.2467520833015442, ""FLAT"": 0.1739538162946701, ""UP"": 0.5792940855026245}",BUY,HOLD,CHOPPY,XGB,,,,111234.16,0.0
338,2026-08-21T21:42:18.728147+00:00,basket,XLK,183.32,2.0,"{""DOWN"": 0.28245529532432556, ""FLAT"": 0.1422882080078125, ""UP"": 0.5752565264701843}",BUY,HOLD,CHOPPY,XGB,,,,111234.16,0.0
339,2026-08-21T21:42:18.728147+00:00,basket,XLV,174.615,2.0,"{""DOWN"": 0.27647557854652405, ""FLAT"": 0.19331517815589905, ""UP"": 0.5302093029022217}",BUY,HOLD,CHOPPY,XGB,,,,111234.16,0.0
340,2026-08-21T21:42:18.728147+00:00,basket,XLE,63.62,2.0,"{""DOWN"": 0.3786887526512146, ""FLAT"": 0.125101238489151, ""UP"": 0.4962099492549896}",BUY,HOLD,CHOPPY,XGB,,,,111234.16,0.0
341,2026-08-24T21:46:23.747728+00:00,basket,SPY,763.46,2.0,"{""DOWN"": 0.24611999094486237, ""FLAT"": 0.17606984078884125, ""UP"": 0.5778101682662964}",BUY,HOLD,CHOPPY,XGB,,,,111234.16,0.0
342,2026-08-24T21:46:23.747728+00:00,basket,XLK,180.04,2.0,"{""DOWN"": 0.2798904776573181, ""FLAT"": 0.14279679954051971, ""UP"": 0.577312707901001}",BUY,HOLD,CHOPPY,XGB,,,,111234.16,0.0
343,2026-08-24T21:46:23.747728+00:00,basket,XLV,174.69,2.0,"{""DOWN"": 0.27647557854652405, ""FLAT"": 0.19331517815589905, ""UP"": 0.5302093029022217}",BUY,HOLD,CHOPPY,XGB,,,,111234.16,0.0
344,2026-08-24T21:46:23.747728+00:00,basket,XLE,63.13,2.0,"{""DOWN"": 0.3806169033050537, ""FLAT"": 0.12064657360315323, ""UP"": 0.4987364709377289}",BUY,HOLD,CHOPPY,XGB,,,,111234.16,0.0
345,2026-08-25T21:46:14.503311+00:00,basket,SPY,765.79,2.0,"{""DOWN"": 0.24622902274131775, ""FLAT"": 0.17570479214191437, ""UP"": 0.5780661702156067}",BUY,HOLD,CHOPPY,XGB,,,,111234.16,0.0
346,2026-08-25T21:46:14.503311+00:00,basket,XLK,181.74,2.0,"{""DOWN"": 0.28035685420036316, ""FLAT"": 0.1427043229341507, ""UP"": 0.576938807964325}",BUY,HOLD,CHOPPY,XGB,,,,111234.16,0.0
347,2026-08-25T21:46:14.503311+00:00,basket,XLV,175.285,2.0,"{""DOWN"": 0.2768773138523102, ""FLAT"": 0.1921430081129074, ""UP"": 0.5309796929359436}",BUY,HOLD,CHOPPY,XGB,,,,111234.16,0.0
348,2026-08-25T21:46:14.503311+00:00,basket,XLE,62.065,2.0,"{""DOWN"": 0.3769978880882263, ""FLAT"": 0.12135151773691177, ""UP"": 0.5016506314277649}",BUY,HOLD,CHOPPY,XGB,,,,111234.16,0.0
349,2026-08-27T00:50:48.009929+00:00,basket,SPY,765.94,2.0,"{""DOWN"": 0.24998752772808075, ""FLAT"": 0.17244774103164673, ""UP"": 0.5775647163391113}",HOLD,HOLD,BULL,SMA,,,,111234.16,0.0
350,2026-08-27T00:50:48.009929+00:00,basket,XLK,182.9,2.0,"{""DOWN"": 0.27774569392204285, ""FLAT"": 0.1347714513540268, ""UP"": 0.5874828696250916}",BUY,HOLD,CHOPPY,XGB,,,,111234.16,0.0
351,2026-08-27T00:50:48.009929+00:00,basket,XLV,173.56,2.0,"{""DOWN"": 0.27855896949768066, ""FLAT"": 0.18723632395267487, ""UP"": 0.5342047214508057}",BUY,HOLD,CHOPPY,XGB,,,,111234.16,0.0
352,2026-08-27T00:50:48.009929+00:00,basket,XLE,62.43,2.0,"{""DOWN"": 0.3786887526512146, ""FLAT"": 0.125101238489151, ""UP"": 0.4962099492549896}",BUY,HOLD,CHOPPY,XGB,,,,111234.16,0.0
353,2026-08-27T00:58:22.307361+00:00,spy_only,SPY,765.94,2.0,"{""DOWN"": 0.24998752772808075, ""FLAT"": 0.17244774103164673, ""UP"": 0.5775647163391113}",HOLD,HOLD,BULL,SMA,,0.497267484664917,66.0,111234.16,0.0
354,2026-08-27T00:58:22.307361+00:00,spy_only,XLK,182.9,2.0,"{""DOWN"": 0.27774569392204285, ""FLAT"": 0.1347714513540268, ""UP"": 0.5874828696250916}",BUY,HOLD,CHOPPY,XGB,,,,,
355,2026-08-27T00:58:22.307361+00:00,spy_only,XLV,173.56,2.0,"{""DOWN"": 0.27855896949768066, ""FLAT"": 0.18723632395267487, ""UP"": 0.5342047214508057}",BUY,HOLD,CHOPPY,XGB,,,,,
356,2026-08-27T00:58:22.307361+00:00,spy_only,XLE,62.43,2.0,"{""DOWN"": 0.3786887526512146, ""FLAT"": 0.125101238489151, ""UP"": 0.4962099492549896}",BUY,HOLD,CHOPPY,XGB,,,,,
357,2026-08-28T05:27:17.888324+00:00,basket,SPY,771.18,2.0,"{""DOWN"": 0.24733781814575195, ""FLAT"": 0.17792487144470215, ""UP"": 0.5747373104095459}",HOLD,HOLD,BULL,SMA,,,,111234.16,0.0
358,2026-08-28T05:27:17.888324+00:00,basket,XLK,188.64,2.0,"{""DOWN"": 0.2740638554096222, ""FLAT"": 0.13578805327415466, ""UP"": 0.5901480913162231}",BUY,HOLD,CHOPPY,XGB,,,,111234.16,0.0
359,2026-08-28T05:27:17.888324+00:00,basket,XLV,171.6,2.0,"{""DOWN"": 0.27855896949768066, ""FLAT"": 0.18723632395267487, ""UP"": 0.5342047214508057}",BUY,HOLD,CHOPPY,XGB,,,,111234.16,0.0
360,2026-08-28T05:27:17.888324+00:00,basket,XLE,62.27,2.0,"{""DOWN"": 0.3750769793987274, ""FLAT"": 0.12582848966121674, ""UP"": 0.49909457564353943}",BUY,HOLD,CHOPPY,XGB,,,,111234.16,0.0
